Year,Player,Team (as recorded),Team (current name),Role,Type,Base Price (INR Cr),Price / Retention (INR Cr),Price-to-Base Multiplier (x),Base Price (INR),Price (INR),USD->INR Rate Used (if 2011-13),YearPriceKey (helper),player_id,matched_registry_name
2011,Gautam Gambhir,Kolkata Knight Riders,Kolkata Knight Riders,Batter,Auction,0.9,10.8,12.0,9000000,108000000,45.0,2011|10.8,242a9261,Gaurav Gambhir
2011,Yusuf Pathan,Kolkata Knight Riders,Kolkata Knight Riders,All-Rounder,Auction,1.35,9.45,7.0,13500000,94500000,45.0,2011|9.45,3c6ffae8,YK Pathan
2011,Robin Uthappa,Pune Warriors India,Pune Warriors India,Batter,Auction,0.9,9.45,10.5,9000000,94500000,45.0,2011|9.45,1c17e270,RV Uthappa
2011,Rohit Sharma,Mumbai Indians,Mumbai Indians,Batter,Auction,0.9,9.0,10.0,9000000,90000000,45.0,2011|9,2278c4ca,R Sharma
2011,Irfan Pathan,Delhi Daredevils,Delhi Capitals,All-Rounder,Auction,0.9,8.55,9.5,9000000,85500000,45.0,2011|8.55,5fa06777,IK Pathan
2011,Mahendra Singh Dhoni,Chennai Super Kings,Chennai Super Kings,Wicketkeeper,Retained,2.0,8.1,4.05,20000000,81000000,45.0,2011|8.1,4a8a2e3b,MS Dhoni
2011,Virender Sehwag,Delhi Daredevils,Delhi Capitals,Batter,Retained,2.0,8.1,4.05,20000000,81000000,45.0,2011|8.1,8ba8195d,V Sehwag
2011,Sachin Tendulkar,Mumbai Indians,Mumbai Indians,Batter,Retained,2.0,8.1,4.05,20000000,81000000,45.0,2011|8.1,d2c2b2d5,SR Tendulkar
2011,Shane Warne,Rajasthan Royals,Rajasthan Royals,Bowler,Retained,2.0,8.1,4.05,20000000,81000000,45.0,2011|8.1,bb18be76,SK Warne
2011,Virat Kohli,Royal Challengers Bangalore,Royal Challengers Bengaluru,Batter,Retained,2.0,8.1,4.05,20000000,81000000,45.0,2011|8.1,ba607b88,V Kohli
2011,Yuvraj Singh,Pune Warriors India,Pune Warriors India,All-Rounder,Auction,1.8,8.1,4.5,18000000,81000000,45.0,2011|8.1,1c914163,Yuvraj Singh
2011,Saurabh Tiwary,Royal Challengers Bangalore,Royal Challengers Bengaluru,Batter,Auction,0.45,7.2,16.0,4500000,72000000,45.0,2011|7.2,709b0bac,SS Tiwary
2011,Mahela Jayawardene,Kochi Tuskers Kerala,Kochi Tuskers Kerala,Batter,Auction,1.8,6.75,3.75,18000000,67500000,45.0,2011|6.75,d18f9182,DPMD Jayawardene
2011,David Hussey,Kings XI Punjab,Punjab Kings,Batter,Auction,0.9,6.3,7.0,9000000,63000000,45.0,2011|6.3,fd835ab3,DJ Hussey
2011,Suresh Raina,Chennai Super Kings,Chennai Super Kings,Batter,Retained,2.0,5.85,2.92,20000000,58500000,45.0,2011|5.85,1dc12ab9,SK Raina
2011,Harbhajan Singh,Mumbai Indians,Mumbai Indians,Bowler,Retained,2.0,5.85,2.92,20000000,58500000,45.0,2011|5.85,2123d0af,Hardeep Singh
2011,Shane Watson,Rajasthan Royals,Rajasthan Royals,All-Rounder,Retained,2.0,5.85,2.92,20000000,58500000,45.0,2011|5.85,4329fbb5,SR Watson
2011,Dale Steyn,Deccan Chargers,Sunrisers Hyderabad (lineage),Bowler,Auction,0.9,5.4,6.0,9000000,54000000,45.0,2011|5.4,8fd1a8f5,DW Steyn
2011,Jacques Kallis,Kolkata Knight Riders,Kolkata Knight Riders,All-Rounder,Auction,1.35,4.95,3.67,13500000,49500000,45.0,2011|4.95,86dc8f2e,JH Kallis
2011,AB de Villiers,Royal Challengers Bangalore,Royal Challengers Bengaluru,Wicketkeeper,Auction,1.8,4.95,2.75,18000000,49500000,45.0,2011|4.95,c4487b84,AB de Villiers
2011,Cameron White,Deccan Chargers,Sunrisers Hyderabad (lineage),Batter,Auction,1.35,4.95,3.67,13500000,49500000,45.0,2011|4.95,5a74e559,CJ White
2011,Muttiah Muralitharan,Kochi Tuskers Kerala,Kochi Tuskers Kerala,Bowler,Auction,1.35,4.95,3.67,13500000,49500000,45.0,2011|4.95,4ba44e19,M Muralitharan
2011,Ross Taylor,Rajasthan Royals,Rajasthan Royals,Batter,Auction,1.8,4.5,2.5,18000000,45000000,45.0,2011|4.5,7fa2ab1f,RML Taylor
2011,Johan Botha,Rajasthan Royals,Rajasthan Royals,All-Rounder,Auction,0.9,4.28,4.76,9000000,42800000,45.0,2011|4.28,7c503806,J Botha
2011,Angelo Mathews,Pune Warriors India,Pune Warriors India,All-Rounder,Auction,0.9,4.28,4.76,9000000,42800000,45.0,2011|4.28,896d78ad,AD Mathews
2011,Ravindra Jadeja,Kochi Tuskers Kerala,Kochi Tuskers Kerala,All-Rounder,Auction,0.45,4.28,9.51,4500000,42800000,45.0,2011|4.28,fe93fd9d,RA Jadeja
2011,Murali Vijay,Chennai Super Kings,Chennai Super Kings,Batter,Retained,2.0,4.05,2.02,20000000,40500000,45.0,2011|4.05,4b57e452,M Vijay
2011,Kieron Pollard,Mumbai Indians,Mumbai Indians,All-Rounder,Retained,2.0,4.05,2.02,20000000,40500000,45.0,2011|4.05,a757b0d8,KA Pollard
2011,Dinesh Karthik,Kings XI Punjab,Punjab Kings,Wicketkeeper,Auction,0.9,4.05,4.5,9000000,40500000,45.0,2011|4.05,c03f1114,KD Karthik
2011,Piyush Chawla,Kings XI Punjab,Punjab Kings,Bowler,Auction,0.45,4.05,9.0,4500000,40500000,45.0,2011|4.05,98ae73b1,PP Chawla
2011,Sreesanth,Kochi Tuskers Kerala,Kochi Tuskers Kerala,Bowler,Auction,0.9,4.05,4.5,9000000,40500000,45.0,2011|4.05,6b8eb6e5,S Sreesanth
2011,Adam Gilchrist,Kings XI Punjab,Punjab Kings,Wicketkeeper,Auction,1.8,4.05,2.25,18000000,40500000,45.0,2011|4.05,2b6e6dec,AC Gilchrist
2011,Zaheer Khan,Royal Challengers Bangalore,Royal Challengers Bengaluru,Bowler,Auction,1.35,4.05,3.0,13500000,40500000,45.0,2011|4.05,28392e11,Zaman Khan
2011,Dan Christian,Deccan Chargers,Sunrisers Hyderabad (lineage),All-Rounder,Auction,0.23,4.05,17.61,2300000,40500000,45.0,2011|4.05,2a2e6343,DT Christian
2011,Ravichandran Ashwin,Chennai Super Kings,Chennai Super Kings,Bowler,Auction,0.45,3.83,8.51,4500000,38300000,45.0,2011|3.83,495d42a5,R Ashwin
2011,Ashish Nehra,Pune Warriors India,Pune Warriors India,Bowler,Auction,0.9,3.83,4.26,9000000,38300000,45.0,2011|3.83,96fd40ae,A Nehra
2011,Andrew Symonds,Mumbai Indians,Mumbai Indians,All-Rounder,Auction,1.35,3.83,2.84,13500000,38300000,45.0,2011|3.83,bd77eb62,A Symonds
2011,Subramaniam Badrinath,Chennai Super Kings,Chennai Super Kings,Batter,Auction,0.45,3.6,8.0,4500000,36000000,45.0,2011|3.6,3576e47e,S Badrinath
2011,Praveen Kumar,Kings XI Punjab,Punjab Kings,Bowler,Auction,0.9,3.6,4.0,9000000,36000000,45.0,2011|3.6,1f0b8f44,Prashanth Kumar
2011,Abhishek Nayar,Kings XI Punjab,Punjab Kings,All-Rounder,Auction,0.23,3.6,15.65,2300000,36000000,45.0,2011|3.6,a45a5e8d,AM Nayar
2011,David Warner,Delhi Daredevils,Delhi Capitals,Batter,Auction,0.9,3.38,3.76,9000000,33800000,45.0,2011|3.38,dcce6f09,DA Warner
2011,Umesh Yadav,Delhi Daredevils,Delhi Capitals,Bowler,Auction,0.23,3.38,14.7,2300000,33800000,45.0,2011|3.38,80ffea17,Upendra Yadav
2011,Munaf Patel,Mumbai Indians,Mumbai Indians,Bowler,Auction,0.45,3.15,7.0,4500000,31500000,45.0,2011|3.15,18675d8d,Mihir Patel
2011,Kumar Sangakkara,Deccan Chargers,Sunrisers Hyderabad (lineage),Wicketkeeper,Auction,1.35,3.15,2.33,13500000,31500000,45.0,2011|3.15,6b71e6cf,KC Sangakkara
2011,Cheteshwar Pujara,Royal Challengers Bangalore,Royal Challengers Bengaluru,Batter,Auction,0.45,3.15,7.0,4500000,31500000,45.0,2011|3.15,d4f9dbd4,CA Pujara
2011,Doug Bollinger,Chennai Super Kings,Chennai Super Kings,Bowler,Auction,0.9,3.15,3.5,9000000,31500000,45.0,2011|3.15,45c2196c,DE Bollinger
2011,Kevin Pietersen,Deccan Chargers,Sunrisers Hyderabad (lineage),Batter,Auction,1.8,2.93,1.63,18000000,29300000,45.0,2011|2.93,39f01cdb,KP Pietersen
2011,Daniel Vettori,Royal Challengers Bangalore,Royal Challengers Bengaluru,Bowler,Auction,1.8,2.48,1.38,18000000,24800000,45.0,2011|2.48,d7c6af50,DL Vettori
2011,Albie Morkel,Chennai Super Kings,Chennai Super Kings,All-Rounder,Retained,2.0,2.25,1.12,20000000,22500000,45.0,2011|2.25,c3d35165,JA Morkel
2011,Lasith Malinga,Mumbai Indians,Mumbai Indians,Bowler,Retained,2.0,2.25,1.12,20000000,22500000,45.0,2011|2.25,79eb117d,LN Malinga
2011,Rahul Dravid,Rajasthan Royals,Rajasthan Royals,Batter,Auction,1.8,2.25,1.25,18000000,22500000,45.0,2011|2.25,0184dc35,R Dravid
2011,Graeme Smith,Pune Warriors India,Pune Warriors India,Batter,Auction,1.8,2.25,1.25,18000000,22500000,45.0,2011|2.25,72861603,GC Smith
2011,Brad Hodge,Kochi Tuskers Kerala,Kochi Tuskers Kerala,Batter,Auction,0.9,1.91,2.12,9000000,19100000,45.0,2011|1.91,b57f8a9a,BJ Hodge
2011,Shakib Al Hasan,Kolkata Knight Riders,Kolkata Knight Riders,All-Rounder,Auction,0.9,1.91,2.12,9000000,19100000,45.0,2011|1.91,7dc35884,Shakib Al Hasan
2011,Michael Hussey,Chennai Super Kings,Chennai Super Kings,Batter,Auction,0.9,1.91,2.12,9000000,19100000,45.0,2011|1.91,48fd7349,MEK Hussey
2011,Brett Lee,Kolkata Knight Riders,Kolkata Knight Riders,Bowler,Auction,1.8,1.8,1.0,18000000,18000000,45.0,2011|1.8,dd09ff8e,B Lee
2011,Shaun Marsh,Kings XI Punjab,Punjab Kings,Batter,Auction,1.8,1.8,1.0,18000000,18000000,45.0,2011|1.8,508a1ea7,SE Marsh
2011,Eoin Morgan,Kolkata Knight Riders,Kolkata Knight Riders,Batter,Auction,0.9,1.58,1.76,9000000,15800000,45.0,2011|1.58,d2a6c0e6,EJG Morgan
2011,Shikhar Dhawan,Deccan Chargers,Sunrisers Hyderabad (lineage),Batter,Auction,0.45,1.35,3.0,4500000,13500000,45.0,2011|1.35,0a476045,S Dhawan
2011,Amit Mishra,Deccan Chargers,Sunrisers Hyderabad (lineage),Bowler,Auction,0.45,1.35,3.0,4500000,13500000,45.0,2011|1.35,1d8388eb,Amit Mishra
2011,Dwayne Bravo,Chennai Super Kings,Chennai Super Kings,All-Rounder,Auction,0.9,0.9,1.0,9000000,9000000,45.0,2011|0.9,14b14cd8,DM Bravo
2011,Steve Smith,Pune Warriors India,Pune Warriors India,Batter,Auction,0.9,0.9,1.0,9000000,9000000,45.0,2011|0.9,18a0ba24,S Smith
2011,Francois du Plessis,Chennai Super Kings,Chennai Super Kings,Batter,Auction,0.09,0.54,6.0,900000,5400000,45.0,2011|0.54,3355b542,F du Plessis
2012,Ravindra Jadeja,Chennai Super Kings,Chennai Super Kings,All-Rounder,Auction,0.49,9.8,20.0,4900000,98000000,49.0,2012|9.8,fe93fd9d,RA Jadeja
2012,Mahela Jayawardene,Delhi Daredevils,Delhi Capitals,Batter,Auction,1.47,6.86,4.67,14700000,68600000,49.0,2012|6.86,d18f9182,DPMD Jayawardene
2012,R Vinay Kumar,Royal Challengers Bangalore,Royal Challengers Bengaluru,Bowler,Auction,0.49,4.9,10.0,4900000,49000000,49.0,2012|4.9,2c47dd7c,Rakesh Kumar
2012,Brendon McCullum,Kolkata Knight Riders,Kolkata Knight Riders,Wicketkeeper,Auction,1.96,4.41,2.25,19600000,44100000,49.0,2012|4.41,b8a55852,BB McCullum
2012,Sunil Narine,Kolkata Knight Riders,Kolkata Knight Riders,Bowler,Auction,0.25,3.43,13.72,2500000,34300000,49.0,2012|3.43,9d430b40,SP Narine
2012,Parthiv Patel,Deccan Chargers,Sunrisers Hyderabad (lineage),Wicketkeeper,Auction,0.98,3.19,3.26,9800000,31900000,49.0,2012|3.19,3317dc7a,P Jayeshbhai Patel
2012,Thisara Perera,Mumbai Indians,Mumbai Indians,All-Rounder,Auction,0.25,3.19,12.76,2500000,31900000,49.0,2012|3.19,456397e5,T Perera
2012,Rudra Pratap Singh,Mumbai Indians,Mumbai Indians,Bowler,Auction,0.98,2.94,3.0,9800000,29400000,49.0,2012|2.94,0467bd8d,Ranjit Singh
2012,Brad Hodge,Rajasthan Royals,Rajasthan Royals,Batter,Auction,0.98,2.33,2.38,9800000,23300000,49.0,2012|2.33,b57f8a9a,BJ Hodge
2012,Andre Russell,Delhi Daredevils,Delhi Capitals,All-Rounder,Auction,0.25,2.21,8.84,2500000,22100000,49.0,2012|2.21,a6f2b2ef,AK Russell
2012,S Sreesanth,Rajasthan Royals,Rajasthan Royals,Bowler,Auction,1.96,1.96,1.0,19600000,19600000,49.0,2012|1.96,6b8eb6e5,S Sreesanth
2012,Mitchell Johnson,Mumbai Indians,Mumbai Indians,Bowler,Auction,1.47,1.47,1.0,14700000,14700000,49.0,2012|1.47,f5180fe6,MG Johnson
2012,Muttiah Muralitharan,Royal Challengers Bangalore,Royal Challengers Bengaluru,Bowler,Auction,0.98,1.08,1.1,9800000,10800000,49.0,2012|1.08,4ba44e19,M Muralitharan
2012,Azhar Mahmood,Kings XI Punjab,Punjab Kings,All-Rounder,Auction,0.49,0.98,2.0,4900000,9800000,49.0,2012|0.98,5038c022,Asad Mahmood
2012,James Faulkner,Kings XI Punjab,Punjab Kings,All-Rounder,Auction,0.49,0.93,1.9,4900000,9300000,49.0,2012|0.93,808f425a,JP Faulkner
2012,Brad Hogg,Rajasthan Royals,Rajasthan Royals,Bowler,Auction,0.49,0.88,1.8,4900000,8800000,49.0,2012|0.88,f708a0bc,GB Hogg
2012,Ramesh Powar,Kings XI Punjab,Punjab Kings,Bowler,Auction,0.49,0.78,1.59,4900000,7800000,49.0,2012|0.78,5d096f3d,RR Powar
2012,Robin Peterson,Mumbai Indians,Mumbai Indians,Bowler,Auction,0.49,0.49,1.0,4900000,4900000,49.0,2012|0.49,26ff4c29,RJ Peterson
2012,Darren Bravo,Deccan Chargers,Sunrisers Hyderabad (lineage),Batter,Auction,0.49,0.49,1.0,4900000,4900000,49.0,2012|0.49,14b14cd8,DM Bravo
2012,Daniel Harris,Deccan Chargers,Sunrisers Hyderabad (lineage),Batter,Auction,0.25,0.34,1.36,2500000,3400000,49.0,2012|0.34,39f82db3,DJ Harris
2012,Herschelle Gibbs,Mumbai Indians,Mumbai Indians,Batter,Auction,0.25,0.25,1.0,2500000,2500000,49.0,2012|0.25,e1d1b294,HH Gibbs
2012,Dinesh Chandimal,Rajasthan Royals,Rajasthan Royals,Wicketkeeper,Auction,0.25,0.25,1.0,2500000,2500000,49.0,2012|0.25,8dd02a98,LD Chandimal
2012,Kevon Cooper,Rajasthan Royals,Rajasthan Royals,All-Rounder,Auction,0.25,0.25,1.0,2500000,2500000,49.0,2012|0.25,557153ca,KK Cooper
2012,Marchant de Lange,Kolkata Knight Riders,Kolkata Knight Riders,Bowler,Auction,0.25,0.25,1.0,2500000,2500000,49.0,2012|0.25,d4eef961,M de Lange
2012,Doug Bracewell,Delhi Daredevils,Delhi Capitals,All-Rounder,Auction,0.25,0.25,1.0,2500000,2500000,49.0,2012|0.25,2e9fdf9b,DAJ Bracewell
2013,Glenn Maxwell,Mumbai Indians,Mumbai Indians,All-Rounder,Auction,1.09,5.45,5.0,10900000,54500000,54.5,2013|5.45,b681e71e,GJ Maxwell
2013,Ajantha Mendis,Pune Warriors India,Pune Warriors India,Bowler,Auction,0.27,5.44,20.15,2700000,54400000,54.5,2013|5.44,ea0cdc12,BAW Mendis
2013,Abhishek Nayar,Pune Warriors India,Pune Warriors India,All-Rounder,Auction,0.55,5.06,9.2,5500000,50599999,54.5,2013|5.06,a45a5e8d,AM Nayar
2013,Christopher Morris,Chennai Super Kings,Chennai Super Kings,All-Rounder,Auction,0.11,4.69,42.64,1100000,46900000,54.5,2013|4.69,5db1c288,CAJ Morris
2013,Sachithra Senanayake,Kolkata Knight Riders,Kolkata Knight Riders,All-Rounder,Auction,0.11,4.69,42.64,1100000,46900000,54.5,2013|4.69,4c4fa80b,SMSM Senanayake
2013,Dirk Nannes,Chennai Super Kings,Chennai Super Kings,Bowler,Auction,1.09,4.5,4.13,10900000,45000000,54.5,2013|4.5,c404f58a,DP Nannes
2013,Jaydev Unadkat,Royal Challengers Bangalore,Royal Challengers Bengaluru,Bowler,Auction,0.55,3.94,7.16,5500000,39400000,54.5,2013|3.94,1e66c162,JD Unadkat
2013,Kane Richardson,Pune Warriors India,Pune Warriors India,Bowler,Auction,0.55,3.82,6.95,5500000,38200000,54.5,2013|3.82,dfc4d8b5,KW Richardson
2013,Manpreet Gony,Kings XI Punjab,Punjab Kings,Bowler,Auction,1.09,3.75,3.44,10900000,37500000,54.5,2013|3.75,ae78bc32,MS Gony
2013,Nathan Coulter-Nile,Mumbai Indians,Mumbai Indians,Bowler,Auction,0.55,3.38,6.15,5500000,33800000,54.5,2013|3.38,56ab442f,NM Coulter-Nile
2013,Johan Botha,Delhi Daredevils,Delhi Capitals,All-Rounder,Auction,1.64,3.38,2.06,16399999,33800000,54.5,2013|3.38,7c503806,J Botha
2013,Darren Sammy,Sunrisers Hyderabad,Sunrisers Hyderabad,All-Rounder,Auction,0.55,3.19,5.8,5500000,31900000,54.5,2013|3.19,c03c6200,DJG Sammy
2013,James Faulkner,Rajasthan Royals,Rajasthan Royals,All-Rounder,Auction,0.55,3.0,5.45,5500000,30000000,54.5,2013|3,808f425a,JP Faulkner
2013,Rudra Pratap Singh,Royal Challengers Bangalore,Royal Challengers Bengaluru,Bowler,Auction,0.55,3.0,5.45,5500000,30000000,54.5,2013|3,0467bd8d,Ranjit Singh
2013,Moises Henriques,Royal Challengers Bangalore,Royal Challengers Bengaluru,All-Rounder,Auction,0.55,2.25,4.09,5500000,22500000,54.5,2013|2.25,32198ae0,MC Henriques
2013,Luke Pomersbach,Kings XI Punjab,Punjab Kings,Batter,Auction,0.27,2.25,8.33,2700000,22500000,54.5,2013|2.25,b63ab531,LA Pomersbach
2013,Michael Clarke,Pune Warriors India,Pune Warriors India,Batter,Auction,2.18,2.18,1.0,21800000,21800000,54.5,2013|2.18,7ea2141b,M Clarke
2013,Ricky Ponting,Mumbai Indians,Mumbai Indians,Batter,Auction,2.18,2.18,1.0,21800000,21800000,54.5,2013|2.18,7d415ea5,RT Ponting
2013,Ravi Rampaul,Royal Challengers Bangalore,Royal Challengers Bengaluru,Bowler,Auction,0.27,2.18,8.07,2700000,21800000,54.5,2013|2.18,d68e7f48,R Rampaul
2013,Jesse Ryder,Delhi Daredevils,Delhi Capitals,All-Rounder,Auction,0.55,1.95,3.55,5500000,19500000,54.5,2013|1.95,91ffa6c6,JD Ryder
2013,Fidel Edwards,Rajasthan Royals,Rajasthan Royals,Bowler,Auction,0.55,1.58,2.87,5500000,15800000,54.5,2013|1.58,a7c226e1,FH Edwards
2013,Pankaj Singh,Royal Challengers Bangalore,Royal Challengers Bengaluru,Bowler,Auction,0.27,1.13,4.19,2700000,11299999,54.5,2013|1.13,014da3d8,Paras Singh
2013,Daniel Christian,Royal Challengers Bangalore,Royal Challengers Bengaluru,All-Rounder,Auction,0.55,0.75,1.36,5500000,7500000,54.5,2013|0.75,2a2e6343,DT Christian
2013,Clinton McKay,Sunrisers Hyderabad,Sunrisers Hyderabad,Bowler,Auction,0.55,0.75,1.36,5500000,7500000,54.5,2013|0.75,94eac556,CJ McKay
2013,Philip Hughes,Mumbai Indians,Mumbai Indians,Batter,Auction,0.55,0.75,1.36,5500000,7500000,54.5,2013|0.75,004c9e85,PJ Hughes
2013,Sudeep Tyagi,Sunrisers Hyderabad,Sunrisers Hyderabad,Bowler,Auction,0.27,0.75,2.78,2700000,7500000,54.5,2013|0.75,c24a2c5d,S Tyagi
2013,Nathan McCullum,Sunrisers Hyderabad,Sunrisers Hyderabad,Bowler,Auction,0.55,0.75,1.36,5500000,7500000,54.5,2013|0.75,5673a3fc,NL McCullum
2013,Christopher Barnwell,Royal Challengers Bangalore,Royal Challengers Bengaluru,All-Rounder,Auction,0.27,0.38,1.41,2700000,3800000,54.5,2013|0.38,0d51e658,CD Barnwell
2013,Jacob Oram,Mumbai Indians,Mumbai Indians,All-Rounder,Auction,0.27,0.38,1.41,2700000,3800000,54.5,2013|0.38,3eac9d95,JDP Oram
2013,Ryan McLaren,Kolkata Knight Riders,Kolkata Knight Riders,Bowler,Auction,0.27,0.38,1.41,2700000,3800000,54.5,2013|0.38,c654af19,R McLaren
2013,Jeevan Mendis,Delhi Daredevils,Delhi Capitals,All-Rounder,Auction,0.27,0.38,1.41,2700000,3800000,54.5,2013|0.38,,
2013,Akila Dananjaya,Chennai Super Kings,Chennai Super Kings,All-Rounder,Auction,0.11,0.15,1.36,1100000,1500000,54.5,2013|0.15,5b16a806,A Dananjaya
2013,Ben Laughlin,Chennai Super Kings,Chennai Super Kings,Bowler,Auction,0.11,0.15,1.36,1100000,1500000,54.5,2013|0.15,b2a79f17,B Laughlin
2013,Jason Holder,Chennai Super Kings,Chennai Super Kings,Bowler,Auction,0.11,0.15,1.36,1100000,1500000,54.5,2013|0.15,0f721006,JO Holder
2013,Quinton de Kock,Sunrisers Hyderabad,Sunrisers Hyderabad,Wicketkeeper,Auction,0.11,0.15,1.36,1100000,1500000,54.5,2013|0.15,372455c4,Q de Kock
2013,Kusal Janith Perera,Rajasthan Royals,Rajasthan Royals,Wicketkeeper,Auction,0.11,0.15,1.36,1100000,1500000,54.5,2013|0.15,106fe7a6,KKV Perera
2014,Yuvraj Singh,Royal Challengers Bangalore,Royal Challengers Bengaluru,All-Rounder,Auction,2.0,14.0,7.0,20000000,140000000,,2014|14,1c914163,Yuvraj Singh
2014,Mahendra Singh Dhoni,Chennai Super Kings,Chennai Super Kings,Wicketkeeper,Retained,2.0,12.5,6.25,20000000,125000000,,2014|12.5,4a8a2e3b,MS Dhoni
2014,Rohit Sharma,Mumbai Indians,Mumbai Indians,Batter,Retained,2.0,12.5,6.25,20000000,125000000,,2014|12.5,2278c4ca,R Sharma
2014,Shane Watson,Rajasthan Royals,Rajasthan Royals,All-Rounder,Retained,2.0,12.5,6.25,20000000,125000000,,2014|12.5,4329fbb5,SR Watson
2014,Virat Kohli,Royal Challengers Bangalore,Royal Challengers Bengaluru,Batter,Retained,2.0,12.5,6.25,20000000,125000000,,2014|12.5,ba607b88,V Kohli
2014,Gautam Gambhir,Kolkata Knight Riders,Kolkata Knight Riders,Batter,Retained,2.0,12.5,6.25,20000000,125000000,,2014|12.5,242a9261,Gaurav Gambhir
2014,David Miller,Kings XI Punjab,Punjab Kings,Batter,Retained,2.0,12.5,6.25,20000000,125000000,,2014|12.5,d67d5f00,DA Miller
2014,Shikhar Dhawan,Sunrisers Hyderabad,Sunrisers Hyderabad,Batter,Retained,2.0,12.5,6.25,20000000,125000000,,2014|12.5,0a476045,S Dhawan
2014,Dinesh Karthik,Delhi Daredevils,Delhi Capitals,Wicketkeeper,Auction,2.0,12.5,6.25,20000000,125000000,,2014|12.5,c03f1114,KD Karthik
2014,Suresh Raina,Chennai Super Kings,Chennai Super Kings,Batter,Retained,2.0,9.5,4.75,20000000,95000000,,2014|9.5,1dc12ab9,SK Raina
2014,Lasith Malinga,Mumbai Indians,Mumbai Indians,Bowler,Retained,2.0,9.5,4.75,20000000,95000000,,2014|9.5,79eb117d,LN Malinga
2014,James Faulkner,Rajasthan Royals,Rajasthan Royals,All-Rounder,Retained,2.0,9.5,4.75,20000000,95000000,,2014|9.5,808f425a,JP Faulkner
2014,Chris Gayle,Royal Challengers Bangalore,Royal Challengers Bengaluru,Batter,Retained,2.0,9.5,4.75,20000000,95000000,,2014|9.5,db584dad,CH Gayle
2014,Sunil Narine,Kolkata Knight Riders,Kolkata Knight Riders,Bowler,Retained,2.0,9.5,4.75,20000000,95000000,,2014|9.5,9d430b40,SP Narine
2014,Dale Steyn,Sunrisers Hyderabad,Sunrisers Hyderabad,Bowler,Retained,2.0,9.5,4.75,20000000,95000000,,2014|9.5,8fd1a8f5,DW Steyn
2014,Kevin Pietersen,Delhi Daredevils,Delhi Capitals,Batter,Auction,2.0,9.0,4.5,20000000,90000000,,2014|9,39f01cdb,KP Pietersen
2014,Ravichandran Ashwin,Chennai Super Kings,Chennai Super Kings,Bowler,Retained,2.0,7.5,3.75,20000000,75000000,,2014|7.5,495d42a5,R Ashwin
2014,Kieron Pollard,Mumbai Indians,Mumbai Indians,All-Rounder,Retained,2.0,7.5,3.75,20000000,75000000,,2014|7.5,a757b0d8,KA Pollard
2014,Ajinkya Rahane,Rajasthan Royals,Rajasthan Royals,Batter,Retained,2.0,7.5,3.75,20000000,75000000,,2014|7.5,29e95537,AM Rahane
2014,AB de Villiers,Royal Challengers Bangalore,Royal Challengers Bengaluru,Wicketkeeper,Retained,2.0,7.5,3.75,20000000,75000000,,2014|7.5,c4487b84,AB de Villiers
2014,Mitchell Johnson,Kings XI Punjab,Punjab Kings,Bowler,Auction,2.0,6.5,3.25,20000000,65000000,,2014|6.5,f5180fe6,MG Johnson
2014,Glenn Maxwell,Kings XI Punjab,Punjab Kings,All-Rounder,Auction,1.0,6.0,6.0,10000000,60000000,,2014|6,b681e71e,GJ Maxwell
2014,Ravindra Jadeja,Chennai Super Kings,Chennai Super Kings,All-Rounder,Retained,2.0,5.5,2.75,20000000,55000000,,2014|5.5,fe93fd9d,RA Jadeja
2014,Harbhajan Singh,Mumbai Indians,Mumbai Indians,Bowler,Retained,2.0,5.5,2.75,20000000,55000000,,2014|5.5,2123d0af,Hardeep Singh
2014,Stuart Binny,Rajasthan Royals,Rajasthan Royals,All-Rounder,Retained,2.0,5.5,2.75,20000000,55000000,,2014|5.5,bd17b45f,STR Binny
2014,Jacques Kallis,Kolkata Knight Riders,Kolkata Knight Riders,All-Rounder,Auction,2.0,5.5,2.75,20000000,55000000,,2014|5.5,86dc8f2e,JH Kallis
2014,David Warner,Sunrisers Hyderabad,Sunrisers Hyderabad,Batter,Auction,1.5,5.5,3.67,15000000,55000000,,2014|5.5,dcce6f09,DA Warner
2014,Robin Uthappa,Kolkata Knight Riders,Kolkata Knight Riders,Batter,Auction,1.5,5.0,3.33,15000000,50000000,,2014|5,1c17e270,RV Uthappa
2014,Murali Vijay,Delhi Daredevils,Delhi Capitals,Batter,Auction,2.0,5.0,2.5,20000000,50000000,,2014|5,4b57e452,M Vijay
2014,Michael Hussey,Mumbai Indians,Mumbai Indians,Batter,Auction,2.0,5.0,2.5,20000000,50000000,,2014|5,48fd7349,MEK Hussey
2014,Mitchell Starc,Royal Challengers Bangalore,Royal Challengers Bengaluru,Bowler,Auction,1.5,5.0,3.33,15000000,50000000,,2014|5,3fb19989,MA Starc
2014,Faf du Plessis,Chennai Super Kings,Chennai Super Kings,Batter,Auction,1.5,4.75,3.17,15000000,47500000,,2014|4.75,3355b542,F du Plessis
2014,Amit Mishra,Sunrisers Hyderabad,Sunrisers Hyderabad,Bowler,Auction,1.0,4.75,4.75,10000000,47500000,,2014|4.75,1d8388eb,Amit Mishra
2014,Corey Anderson,Mumbai Indians,Mumbai Indians,All-Rounder,Auction,1.0,4.5,4.5,10000000,45000000,,2014|4.5,8abdf100,CJ Anderson
2014,Dwayne Smith,Chennai Super Kings,Chennai Super Kings,Batter,Auction,1.5,4.5,3.0,15000000,45000000,,2014|4.5,0c5c3a87,DLR Smith
2014,Bhuvneshwar Kumar,Sunrisers Hyderabad,Sunrisers Hyderabad,Bowler,Auction,0.5,4.25,8.5,5000000,42500000,,2014|4.25,2e81a32d,B Kumar
2014,Mohammad Shami,Delhi Daredevils,Delhi Capitals,Bowler,Auction,1.0,4.25,4.25,10000000,42500000,,2014|4.25,8cf9814c,Mohammed Shami
2014,Nathan Coulter-Nile,Delhi Daredevils,Delhi Capitals,Bowler,Auction,1.0,4.25,4.25,10000000,42500000,,2014|4.25,56ab442f,NM Coulter-Nile
2014,Piyush Chawla,Kolkata Knight Riders,Kolkata Knight Riders,Bowler,Auction,1.0,4.25,4.25,10000000,42500000,,2014|4.25,98ae73b1,PP Chawla
2014,Dwayne Bravo,Chennai Super Kings,Chennai Super Kings,All-Rounder,Retained,2.0,4.0,2.0,20000000,40000000,,2014|4,14b14cd8,DM Bravo
2014,Ambati Rayudu,Mumbai Indians,Mumbai Indians,Wicketkeeper,Retained,2.0,4.0,2.0,20000000,40000000,,2014|4,70d205c9,AT Rayudu
2014,Sanju Samson,Rajasthan Royals,Rajasthan Royals,Wicketkeeper,Retained,2.0,4.0,2.0,20000000,40000000,,2014|4,a4cc73aa,SV Samson
2014,Manan Vohra,Kings XI Punjab,Punjab Kings,Batter,Retained,2.0,4.0,2.0,20000000,40000000,,2014|4,c03e2850,M Vohra
2014,Aaron Finch,Sunrisers Hyderabad,Sunrisers Hyderabad,Batter,Auction,1.0,4.0,4.0,10000000,40000000,,2014|4,b8d490fd,AJ Finch
2014,Karn Sharma,Sunrisers Hyderabad,Sunrisers Hyderabad,Bowler,Auction,0.3,3.75,12.5,3000000,37500000,,2014|3.75,119678fd,KV Sharma
2014,Quinton de Kock,Delhi Daredevils,Delhi Capitals,Wicketkeeper,Auction,1.0,3.5,3.5,10000000,35000000,,2014|3.5,372455c4,Q de Kock
2014,Darren Sammy,Sunrisers Hyderabad,Sunrisers Hyderabad,All-Rounder,Auction,1.0,3.5,3.5,10000000,35000000,,2014|3.5,c03c6200,DJG Sammy
2014,Brendon McCullum,Chennai Super Kings,Chennai Super Kings,Wicketkeeper,Auction,2.0,3.25,1.62,20000000,32500000,,2014|3.25,b8a55852,BB McCullum
2014,George Bailey,Kings XI Punjab,Punjab Kings,Batter,Auction,2.0,3.25,1.62,20000000,32500000,,2014|3.25,5056011d,GJ Bailey
2014,Pragyan Ojha,Mumbai Indians,Mumbai Indians,Bowler,Auction,1.0,3.25,3.25,10000000,32500000,,2014|3.25,6c6591ab,PP Ojha
2014,Yusuf Pathan,Kolkata Knight Riders,Kolkata Knight Riders,All-Rounder,Auction,2.0,3.25,1.62,20000000,32500000,,2014|3.25,3c6ffae8,YK Pathan
2014,Virender Sehwag,Kings XI Punjab,Punjab Kings,Batter,Auction,2.0,3.2,1.6,20000000,32000000,,2014|3.2,8ba8195d,V Sehwag
2014,Rishi Dhawan,Kings XI Punjab,Punjab Kings,All-Rounder,Auction,0.2,3.0,15.0,2000000,30000000,,2014|3,26a85969,R Dhawan
2014,Jaydev Unadkat,Delhi Daredevils,Delhi Capitals,Bowler,Auction,1.0,2.8,2.8,10000000,28000000,,2014|2.8,1e66c162,JD Unadkat
2014,Morne Morkel,Kolkata Knight Riders,Kolkata Knight Riders,Bowler,Auction,1.5,2.8,1.87,15000000,28000000,,2014|2.8,5bb5a915,M Morkel
2014,Manoj Tiwary,Delhi Daredevils,Delhi Capitals,Batter,Auction,1.5,2.8,1.87,15000000,28000000,,2014|2.8,26e5cabf,MK Tiwary
2014,R Vinay Kumar,Kolkata Knight Riders,Kolkata Knight Riders,Bowler,Auction,1.0,2.8,2.8,10000000,28000000,,2014|2.8,2c47dd7c,Rakesh Kumar
2014,Zaheer Khan,Mumbai Indians,Mumbai Indians,Bowler,Auction,1.0,2.6,2.6,10000000,26000000,,2014|2.6,28392e11,Zaman Khan
2014,Ishant Sharma,Sunrisers Hyderabad,Sunrisers Hyderabad,Bowler,Auction,1.5,2.6,1.73,15000000,26000000,,2014|2.6,5bb1a1c4,I Sharma
2014,Umesh Yadav,Kolkata Knight Riders,Kolkata Knight Riders,Bowler,Auction,1.0,2.6,2.6,10000000,26000000,,2014|2.6,80ffea17,Upendra Yadav
2014,Brad Hodge,Rajasthan Royals,Rajasthan Royals,Batter,Auction,1.0,2.4,2.4,10000000,24000000,,2014|2.4,b57f8a9a,BJ Hodge
2014,Albie Morkel,Royal Challengers Bangalore,Royal Challengers Bengaluru,All-Rounder,Auction,1.5,2.4,1.6,15000000,24000000,,2014|2.4,c3d35165,JA Morkel
2014,Irfan Pathan,Sunrisers Hyderabad,Sunrisers Hyderabad,All-Rounder,Auction,1.5,2.4,1.6,15000000,24000000,,2014|2.4,5fa06777,IK Pathan
2014,Wriddhiman Saha,Kings XI Punjab,Punjab Kings,Wicketkeeper,Auction,1.0,2.2,2.2,10000000,22000000,,2014|2.2,fe11caa6,WP Saha
2014,Shaun Marsh,Kings XI Punjab,Punjab Kings,Batter,Auction,1.0,2.2,2.2,10000000,22000000,,2014|2.2,508a1ea7,SE Marsh
2014,Jean-Paul Duminy,Delhi Daredevils,Delhi Capitals,Batter,Auction,1.0,2.2,2.2,10000000,22000000,,2014|2.2,2e8994e7,JP Duminy
2014,Mohit Sharma,Chennai Super Kings,Chennai Super Kings,Bowler,Auction,1.0,2.0,2.0,10000000,20000000,,2014|2,5473ec6f,Manish Sharma
2014,Ashish Nehra,Chennai Super Kings,Chennai Super Kings,Bowler,Auction,1.0,2.0,2.0,10000000,20000000,,2014|2,96fd40ae,A Nehra
2014,Kedar Jadhav,Delhi Daredevils,Delhi Capitals,Batter,Auction,0.3,2.0,6.67,3000000,20000000,,2014|2,6c18c062,KA Jadhav
2014,Varun Aaron,Royal Challengers Bangalore,Royal Challengers Bengaluru,Bowler,Auction,0.5,2.0,4.0,5000000,20000000,,2014|2,0a3d54b9,VR Aaron
2014,Jasprit Bumrah,Mumbai Indians,Mumbai Indians,Bowler,Auction,0.2,1.2,6.0,2000000,12000000,,2014|1.2,462411b3,JJ Bumrah
2015,Yuvraj Singh,Delhi Daredevils,Delhi Capitals,Batter,Auction,2.0,16.0,8.0,20000000,160000000,,2015|16,1c914163,Yuvraj Singh
2015,Dinesh Karthik,Royal Challengers Bangalore,Royal Challengers Bengaluru,Wicketkeeper,Auction,2.0,10.5,5.25,20000000,105000000,,2015|10.5,c03f1114,KD Karthik
2015,Angelo Mathews,Delhi Daredevils,Delhi Capitals,All-Rounder,Auction,1.5,7.5,5.0,15000000,75000000,,2015|7.5,896d78ad,AD Mathews
2015,Trent Boult,Sunrisers Hyderabad,Sunrisers Hyderabad,Bowler,Auction,1.5,3.8,2.53,15000000,38000000,,2015|3.8,a818c1be,TA Boult
2015,Amit Mishra,Delhi Daredevils,Delhi Capitals,Bowler,Auction,0.5,3.5,7.0,5000000,35000000,,2015|3.5,1d8388eb,Amit Mishra
2015,Aaron Finch,Mumbai Indians,Mumbai Indians,Batter,Auction,1.0,3.2,3.2,10000000,32000000,,2015|3.2,b8d490fd,AJ Finch
2015,Murali Vijay,Kings XI Punjab,Punjab Kings,Batter,Auction,0.5,3.0,6.0,5000000,30000000,,2015|3,4b57e452,M Vijay
2015,Albie Morkel,Delhi Daredevils,Delhi Capitals,All-Rounder,Auction,0.3,3.0,10.0,3000000,30000000,,2015|3,c3d35165,JA Morkel
2015,David Wiese,Royal Challengers Bangalore,Royal Challengers Bengaluru,All-Rounder,Auction,0.3,2.8,9.33,3000000,28000000,,2015|2.8,aa8d28ae,D Wiese
2015,Darren Sammy,Royal Challengers Bangalore,Royal Challengers Bengaluru,All-Rounder,Auction,1.0,2.8,2.8,10000000,28000000,,2015|2.8,c03c6200,DJG Sammy
2015,Shreyas Iyer,Delhi Daredevils,Delhi Capitals,Batter,Auction,0.1,2.6,26.0,1000000,26000000,,2015|2.6,85ec8e33,SS Iyer
2015,Sean Abbott,Royal Challengers Bangalore,Royal Challengers Bengaluru,Bowler,Auction,0.5,2.4,4.8,5000000,24000000,,2015|2.4,1a2676c5,SA Abbott
2015,KC Cariappa,Kolkata Knight Riders,Kolkata Knight Riders,Bowler,Auction,0.1,2.4,24.0,1000000,24000000,,2015|2.4,edb3d4f8,KC Cariappa
2015,Praveen Kumar,Sunrisers Hyderabad,Sunrisers Hyderabad,Bowler,Auction,0.5,2.2,4.4,5000000,22000000,,2015|2.2,1f0b8f44,Prashanth Kumar
2015,Jaydev Unadkat,Delhi Daredevils,Delhi Capitals,Bowler,Auction,0.5,1.1,2.2,5000000,11000000,,2015|1.1,1e66c162,JD Unadkat
2016,Mahendra Singh Dhoni,Rising Pune Supergiant,Rising Pune Supergiant,Wicketkeeper,Draft,2.0,12.5,6.25,20000000,125000000,,2016|12.5,4a8a2e3b,MS Dhoni
2016,Suresh Raina,Gujarat Lions,Gujarat Lions,Batter,Draft,2.0,12.5,6.25,20000000,125000000,,2016|12.5,1dc12ab9,SK Raina
2016,Ravindra Jadeja,Gujarat Lions,Gujarat Lions,All-Rounder,Draft,2.0,9.5,4.75,20000000,95000000,,2016|9.5,fe93fd9d,RA Jadeja
2016,Ravichandran Ashwin,Rising Pune Supergiant,Rising Pune Supergiant,Bowler,Draft,2.0,9.5,4.75,20000000,95000000,,2016|9.5,495d42a5,R Ashwin
2016,Shane Watson,Royal Challengers Bangalore,Royal Challengers Bengaluru,All-Rounder,Auction,2.0,9.5,4.75,20000000,95000000,,2016|9.5,4329fbb5,SR Watson
2016,Pawan Negi,Delhi Daredevils,Delhi Capitals,All-Rounder,Auction,0.3,8.5,28.33,3000000,85000000,,2016|8.5,f62772e5,P Negi
2016,Ajinkya Rahane,Rising Pune Supergiant,Rising Pune Supergiant,Batter,Draft,2.0,8.0,4.0,20000000,80000000,,2016|8,29e95537,AM Rahane
2016,Brendon McCullum,Gujarat Lions,Gujarat Lions,Batter,Draft,2.0,7.5,3.75,20000000,75000000,,2016|7.5,b8a55852,BB McCullum
2016,Yuvraj Singh,Sunrisers Hyderabad,Sunrisers Hyderabad,All-Rounder,Auction,2.0,7.0,3.5,20000000,70000000,,2016|7,1c914163,Yuvraj Singh
2016,Christopher Morris,Delhi Daredevils,Delhi Capitals,All-Rounder,Auction,0.5,7.0,14.0,5000000,70000000,,2016|7,5db1c288,CAJ Morris
2016,Mohit Sharma,Kings XI Punjab,Punjab Kings,Bowler,Auction,1.5,6.5,4.33,15000000,65000000,,2016|6.5,5473ec6f,Manish Sharma
2016,Steve Smith,Rising Pune Supergiant,Rising Pune Supergiant,Batter,Draft,2.0,5.5,2.75,20000000,55000000,,2016|5.5,18a0ba24,S Smith
2016,James Faulkner,Gujarat Lions,Gujarat Lions,All-Rounder,Draft,2.0,5.5,2.75,20000000,55000000,,2016|5.5,808f425a,JP Faulkner
2016,Ashish Nehra,Sunrisers Hyderabad,Sunrisers Hyderabad,Bowler,Auction,2.0,5.5,2.75,20000000,55000000,,2016|5.5,96fd40ae,A Nehra
2016,Mitchell Marsh,Rising Pune Supergiant,Rising Pune Supergiant,All-Rounder,Auction,2.0,4.8,2.4,20000000,48000000,,2016|4.8,3d8feaf8,MR Marsh
2016,Murugan Ashwin,Rising Pune Supergiant,Rising Pune Supergiant,Bowler,Auction,0.1,4.5,45.0,1000000,45000000,,2016|4.5,e2db2409,M Ashwin
2016,Sanju Samson,Delhi Daredevils,Delhi Capitals,Wicketkeeper,Auction,2.0,4.2,2.1,20000000,42000000,,2016|4.2,a4cc73aa,SV Samson
2016,Deepak Hooda,Sunrisers Hyderabad,Sunrisers Hyderabad,All-Rounder,Auction,0.1,4.2,42.0,1000000,42000000,,2016|4.2,73ad96ed,DJ Hooda
2016,Carlos Brathwaite,Delhi Daredevils,Delhi Capitals,All-Rounder,Auction,0.3,4.2,14.0,3000000,42000000,,2016|4.2,e342e5fb,CR Brathwaite
2016,Dwayne Bravo,Gujarat Lions,Gujarat Lions,All-Rounder,Draft,2.0,4.0,2.0,20000000,40000000,,2016|4,14b14cd8,DM Bravo
2016,Faf du Plessis,Rising Pune Supergiant,Rising Pune Supergiant,Batter,Draft,2.0,4.0,2.0,20000000,40000000,,2016|4,3355b542,F du Plessis
2016,Karun Nair,Delhi Daredevils,Delhi Capitals,Batter,Auction,0.1,4.0,40.0,1000000,40000000,,2016|4,944533a5,KK Nair
2016,Jos Buttler,Mumbai Indians,Mumbai Indians,Wicketkeeper,Auction,1.0,3.8,3.8,10000000,38000000,,2016|3.8,99b75528,JC Buttler
2016,Ishant Sharma,Rising Pune Supergiant,Rising Pune Supergiant,Bowler,Auction,1.5,3.8,2.53,15000000,38000000,,2016|3.8,5bb1a1c4,I Sharma
2016,Praveen Kumar,Gujarat Lions,Gujarat Lions,Bowler,Auction,0.5,3.5,7.0,5000000,35000000,,2016|3.5,1f0b8f44,Prashanth Kumar
2016,Kevin Pietersen,Rising Pune Supergiant,Rising Pune Supergiant,Batter,Auction,2.0,3.5,1.75,20000000,35000000,,2016|3.5,39f01cdb,KP Pietersen
2016,Ishan Kishan,Gujarat Lions,Gujarat Lions,Wicketkeeper,Auction,0.1,3.5,35.0,1000000,35000000,,2016|3.5,752f7486,Ishan Kishan
2016,Nathu Singh,Mumbai Indians,Mumbai Indians,Bowler,Auction,0.1,3.2,32.0,1000000,32000000,,2016|3.2,069fbf56,Ngangom Rajesh Singh
2016,Dinesh Karthik,Gujarat Lions,Gujarat Lions,Wicketkeeper,Auction,2.0,2.3,1.15,20000000,23000000,,2016|2.3,c03f1114,KD Karthik
2016,Dwayne Smith,Gujarat Lions,Gujarat Lions,All-Rounder,Auction,0.5,2.3,4.6,5000000,23000000,,2016|2.3,0c5c3a87,DLR Smith
2016,Dale Steyn,Gujarat Lions,Gujarat Lions,Bowler,Auction,1.5,2.3,1.53,15000000,23000000,,2016|2.3,8fd1a8f5,DW Steyn
2016,Kyle Abbott,Kings XI Punjab,Punjab Kings,Bowler,Auction,0.3,2.1,7.0,3000000,21000000,,2016|2.1,a9da7784,KJ Abbott
2016,Dhawal Kulkarni,Gujarat Lions,Gujarat Lions,Bowler,Auction,1.5,2.0,1.33,15000000,20000000,,2016|2,d2a989fc,DS Kulkarni
2016,Stuart Binny,Royal Challengers Bangalore,Royal Challengers Bengaluru,All-Rounder,Auction,2.0,2.0,1.0,20000000,20000000,,2016|2,bd17b45f,STR Binny
2016,Kane Richardson,Royal Challengers Bangalore,Royal Challengers Bengaluru,Bowler,Auction,2.0,2.0,1.0,20000000,20000000,,2016|2,dfc4d8b5,KW Richardson
2016,Krunal Pandya,Mumbai Indians,Mumbai Indians,All-Rounder,Auction,0.1,2.0,20.0,1000000,20000000,,2016|2,5b8c830e,KH Pandya
2017,Benjamin Stokes,Rising Pune Supergiant,Rising Pune Supergiant,All-Rounder,Auction,2.0,14.5,7.25,20000000,145000000,,2017|14.5,e087956b,BA Stokes
2017,Tymal Mills,Royal Challengers Bangalore,Royal Challengers Bengaluru,Bowler,Auction,0.5,12.0,24.0,5000000,120000000,,2017|12,245c97cb,TS Mills
2017,Kagiso Rabada,Delhi Daredevils,Delhi Capitals,Bowler,Auction,1.0,5.0,5.0,10000000,50000000,,2017|5,e62dd25d,K Rabada
2017,Trent Boult,Kolkata Knight Riders,Kolkata Knight Riders,Bowler,Auction,1.5,5.0,3.33,15000000,50000000,,2017|5,a818c1be,TA Boult
2017,Pat Cummins,Delhi Daredevils,Delhi Capitals,Bowler,Auction,1.0,4.5,4.5,10000000,45000000,,2017|4.5,ded9240e,PJ Cummins
2017,Chris Woakes,Kolkata Knight Riders,Kolkata Knight Riders,All-Rounder,Auction,2.0,4.2,2.1,20000000,42000000,,2017|4.2,4c5d73db,CR Woakes
2017,Rashid Khan,Sunrisers Hyderabad,Sunrisers Hyderabad,Bowler,Auction,0.5,4.0,8.0,5000000,40000000,,2017|4,1eaac48d,Rashid Khan
2017,Karn Sharma,Mumbai Indians,Mumbai Indians,All-Rounder,Auction,0.3,3.2,10.67,3000000,32000000,,2017|3.2,119678fd,KV Sharma
2017,T Natarajan,Kings XI Punjab,Punjab Kings,Bowler,Auction,0.1,3.0,30.0,1000000,30000000,,2017|3,ce794613,T Natarajan
2017,Varun Aaron,Kings XI Punjab,Punjab Kings,Bowler,Auction,0.3,2.8,9.33,3000000,28000000,,2017|2.8,0a3d54b9,VR Aaron
2017,Mohammed Siraj,Sunrisers Hyderabad,Sunrisers Hyderabad,Bowler,Auction,0.2,2.6,13.0,2000000,26000000,,2017|2.6,2f49c897,Mohammed Siraj
2017,Aniket Choudhary,Royal Challengers Bangalore,Royal Challengers Bengaluru,Bowler,Auction,0.1,2.0,20.0,1000000,20000000,,2017|2,0f60513c,Akash Choudhary
2017,Angelo Mathews,Delhi Daredevils,Delhi Capitals,All-Rounder,Auction,2.0,2.0,1.0,20000000,20000000,,2017|2,896d78ad,AD Mathews
2017,Krishnappa Gowtham,Mumbai Indians,Mumbai Indians,All-Rounder,Auction,0.1,2.0,20.0,1000000,20000000,,2017|2,90de905a,K Gowtham
2017,Eoin Morgan,Kings XI Punjab,Punjab Kings,Batter,Auction,2.0,2.0,1.0,20000000,20000000,,2017|2,d2a6c0e6,EJG Morgan
2018,Virat Kohli,Royal Challengers Bangalore,Royal Challengers Bengaluru,Batter,Retained,2.0,17.0,8.5,20000000,170000000,,2018|17,ba607b88,V Kohli
2018,Mahendra Singh Dhoni,Chennai Super Kings,Chennai Super Kings,Wicketkeeper,Retained,2.0,15.0,7.5,20000000,150000000,,2018|15,4a8a2e3b,MS Dhoni
2018,Rohit Sharma,Mumbai Indians,Mumbai Indians,Batter,Retained,2.0,15.0,7.5,20000000,150000000,,2018|15,2278c4ca,R Sharma
2018,Benjamin Stokes,Rajasthan Royals,Rajasthan Royals,All-Rounder,Auction,2.0,12.5,6.25,20000000,125000000,,2018|12.5,e087956b,BA Stokes
2018,Steve Smith,Rajasthan Royals,Rajasthan Royals,Batter,Retained,2.0,12.0,6.0,20000000,120000000,,2018|12,18a0ba24,S Smith
2018,David Warner,Sunrisers Hyderabad,Sunrisers Hyderabad,Batter,Retained,2.0,12.0,6.0,20000000,120000000,,2018|12,dcce6f09,DA Warner
2018,Jaydev Unadkat,Rajasthan Royals,Rajasthan Royals,Bowler,Auction,1.5,11.5,7.67,15000000,115000000,,2018|11.5,1e66c162,JD Unadkat
2018,Suresh Raina,Chennai Super Kings,Chennai Super Kings,Batter,Retained,2.0,11.0,5.5,20000000,110000000,,2018|11,1dc12ab9,SK Raina
2018,Hardik Pandya,Mumbai Indians,Mumbai Indians,All-Rounder,Retained,2.0,11.0,5.5,20000000,110000000,,2018|11,dbe50b21,HH Pandya
2018,AB de Villiers,Royal Challengers Bangalore,Royal Challengers Bengaluru,Wicketkeeper,Retained,2.0,11.0,5.5,20000000,110000000,,2018|11,c4487b84,AB de Villiers
2018,KL Rahul,Kings XI Punjab,Punjab Kings,Batter,Auction,2.0,11.0,5.5,20000000,110000000,,2018|11,b17e2f24,KL Rahul
2018,Manish Pandey,Sunrisers Hyderabad,Sunrisers Hyderabad,Batter,Auction,1.0,11.0,11.0,10000000,110000000,,2018|11,93b4fc78,MK Pandey
2018,Chris Lynn,Kolkata Knight Riders,Kolkata Knight Riders,Batter,Auction,2.0,9.6,4.8,20000000,96000000,,2018|9.6,45eda7c8,CA Lynn
2018,Mitchell Starc,Kolkata Knight Riders,Kolkata Knight Riders,Bowler,Auction,2.0,9.4,4.7,20000000,94000000,,2018|9.4,3fb19989,MA Starc
2018,Glenn Maxwell,Delhi Daredevils,Delhi Capitals,All-Rounder,Auction,2.0,9.0,4.5,20000000,90000000,,2018|9,b681e71e,GJ Maxwell
2018,Rashid Khan,Sunrisers Hyderabad,Sunrisers Hyderabad,Bowler,Auction,2.0,9.0,4.5,20000000,90000000,,2018|9,1eaac48d,Rashid Khan
2018,Krunal Pandya,Mumbai Indians,Mumbai Indians,All-Rounder,Auction,0.4,8.8,22.0,4000000,88000000,,2018|8.8,5b8c830e,KH Pandya
2018,Sunil Narine,Kolkata Knight Riders,Kolkata Knight Riders,Bowler,Retained,2.0,8.5,4.25,20000000,85000000,,2018|8.5,9d430b40,SP Narine
2018,Andre Russell,Kolkata Knight Riders,Kolkata Knight Riders,All-Rounder,Retained,2.0,8.5,4.25,20000000,85000000,,2018|8.5,a6f2b2ef,AK Russell
2018,Bhuvneshwar Kumar,Sunrisers Hyderabad,Sunrisers Hyderabad,Bowler,Retained,2.0,8.5,4.25,20000000,85000000,,2018|8.5,2e81a32d,B Kumar
2018,Rishabh Pant,Delhi Daredevils,Delhi Capitals,Wicketkeeper,Retained,2.0,8.0,4.0,20000000,80000000,,2018|8,919a3be2,RR Pant
2018,Sanju Samson,Rajasthan Royals,Rajasthan Royals,Wicketkeeper,Auction,1.0,8.0,8.0,10000000,80000000,,2018|8,a4cc73aa,SV Samson
2018,Kedar Jadhav,Chennai Super Kings,Chennai Super Kings,All-Rounder,Auction,2.0,7.8,3.9,20000000,78000000,,2018|7.8,6c18c062,KA Jadhav
2018,Ravichandran Ashwin,Kings XI Punjab,Punjab Kings,All-Rounder,Auction,2.0,7.6,3.8,20000000,76000000,,2018|7.6,495d42a5,R Ashwin
2018,Dinesh Karthik,Kolkata Knight Riders,Kolkata Knight Riders,Wicketkeeper,Auction,2.0,7.4,3.7,20000000,74000000,,2018|7.4,c03f1114,KD Karthik
2018,Chris Woakes,Royal Challengers Bangalore,Royal Challengers Bengaluru,All-Rounder,Auction,2.0,7.4,3.7,20000000,74000000,,2018|7.4,4c5d73db,CR Woakes
2018,Jofra Archer,Rajasthan Royals,Rajasthan Royals,All-Rounder,Auction,0.4,7.2,18.0,4000000,72000000,,2018|7.2,5574750c,JC Archer
2018,Andrew Tye,Kings XI Punjab,Punjab Kings,Bowler,Auction,1.0,7.2,7.2,10000000,72000000,,2018|7.2,7c7d63a2,AJ Tye
2018,Christopher Morris,Delhi Daredevils,Delhi Capitals,All-Rounder,Retained,2.0,7.1,3.55,20000000,71000000,,2018|7.1,5db1c288,CAJ Morris
2018,Jasprit Bumrah,Mumbai Indians,Mumbai Indians,Bowler,Retained,2.0,7.0,3.5,20000000,70000000,,2018|7,462411b3,JJ Bumrah
2018,Ravindra Jadeja,Chennai Super Kings,Chennai Super Kings,All-Rounder,Retained,2.0,7.0,3.5,20000000,70000000,,2018|7,fe93fd9d,RA Jadeja
2018,Shreyas Iyer,Delhi Daredevils,Delhi Capitals,Batter,Retained,2.0,7.0,3.5,20000000,70000000,,2018|7,85ec8e33,SS Iyer
2018,Axar Patel,Kings XI Punjab,Punjab Kings,All-Rounder,Retained,2.0,6.75,3.38,20000000,67500000,,2018|6.75,29b6bcd4,Ajaz Patel
2018,Dwayne Bravo,Chennai Super Kings,Chennai Super Kings,All-Rounder,Auction,2.0,6.4,3.2,20000000,64000000,,2018|6.4,14b14cd8,DM Bravo
2018,Robin Uthappa,Kolkata Knight Riders,Kolkata Knight Riders,Batter,Auction,2.0,6.4,3.2,20000000,64000000,,2018|6.4,1c17e270,RV Uthappa
2018,Ishan Kishan,Mumbai Indians,Mumbai Indians,Wicketkeeper,Auction,0.4,6.2,15.5,4000000,62000000,,2018|6.2,752f7486,Ishan Kishan
2018,Aaron Finch,Kings XI Punjab,Punjab Kings,Batter,Auction,1.5,6.2,4.13,15000000,62000000,,2018|6.2,b8d490fd,AJ Finch
2018,Krishnappa Gowtham,Rajasthan Royals,Rajasthan Royals,Bowler,Auction,0.2,6.2,31.0,2000000,62000000,,2018|6.2,90de905a,K Gowtham
2018,Marcus Stoinis,Kings XI Punjab,Punjab Kings,All-Rounder,Auction,2.0,6.2,3.1,20000000,62000000,,2018|6.2,d9273ee7,MP Stoinis
2018,Yuzvendra Singh Chahal,Royal Challengers Bangalore,Royal Challengers Bengaluru,Bowler,Auction,2.0,6.0,3.0,20000000,60000000,,2018|6,57ee1fde,YS Chahal
2018,Kuldeep Yadav,Kolkata Knight Riders,Kolkata Knight Riders,Bowler,Auction,1.5,5.8,3.87,15000000,58000000,,2018|5.8,030f3089,K Yadav
2018,Karun Nair,Kings XI Punjab,Punjab Kings,Batter,Auction,0.5,5.6,11.2,5000000,56000000,,2018|5.6,944533a5,KK Nair
2018,Pat Cummins,Mumbai Indians,Mumbai Indians,Bowler,Auction,2.0,5.4,2.7,20000000,54000000,,2018|5.4,ded9240e,PJ Cummins
2018,Kieron Pollard,Mumbai Indians,Mumbai Indians,All-Rounder,Auction,2.0,5.4,2.7,20000000,54000000,,2018|5.4,a757b0d8,KA Pollard
2018,Shikhar Dhawan,Sunrisers Hyderabad,Sunrisers Hyderabad,Batter,Auction,2.0,5.2,2.6,20000000,52000000,,2018|5.2,0a476045,S Dhawan
2018,Karn Sharma,Chennai Super Kings,Chennai Super Kings,Bowler,Auction,2.0,5.0,2.5,20000000,50000000,,2018|5,119678fd,KV Sharma
2018,Wriddhiman Saha,Sunrisers Hyderabad,Sunrisers Hyderabad,Wicketkeeper,Auction,1.0,5.0,5.0,10000000,50000000,,2018|5,fe11caa6,WP Saha
2018,Jos Buttler,Rajasthan Royals,Rajasthan Royals,Wicketkeeper,Auction,1.5,4.4,2.93,15000000,44000000,,2018|4.4,99b75528,JC Buttler
2018,Kagiso Rabada,Delhi Daredevils,Delhi Capitals,Bowler,Auction,1.5,4.2,2.8,15000000,42000000,,2018|4.2,e62dd25d,K Rabada
2018,Umesh Yadav,Royal Challengers Bangalore,Royal Challengers Bengaluru,Bowler,Auction,1.0,4.2,4.2,10000000,42000000,,2018|4.2,80ffea17,Upendra Yadav
2018,Piyush Chawla,Kolkata Knight Riders,Kolkata Knight Riders,Bowler,Auction,1.0,4.2,4.2,10000000,42000000,,2018|4.2,98ae73b1,PP Chawla
2018,Amit Mishra,Delhi Daredevils,Delhi Capitals,Bowler,Auction,1.5,4.0,2.67,15000000,40000000,,2018|4,1d8388eb,Amit Mishra
2018,Shane Watson,Chennai Super Kings,Chennai Super Kings,All-Rounder,Auction,1.0,4.0,4.0,10000000,40000000,,2018|4,4329fbb5,SR Watson
2018,Ajinkya Rahane,Rajasthan Royals,Rajasthan Royals,Batter,Auction,2.0,4.0,2.0,20000000,40000000,,2018|4,29e95537,AM Rahane
2018,Mujeeb Zadran,Kings XI Punjab,Punjab Kings,Bowler,Auction,0.5,4.0,8.0,5000000,40000000,,2018|4,7d92277a,Mujeeb Ur Rahman
2018,D'Arcy Short,Rajasthan Royals,Rajasthan Royals,All-Rounder,Auction,0.2,4.0,20.0,2000000,40000000,,2018|4,1a156c88,DJM Short
2018,Evin Lewis,Mumbai Indians,Mumbai Indians,Batter,Auction,1.5,3.8,2.53,15000000,38000000,,2018|3.8,0ebfb1ad,E Lewis
2018,Siddarth Kaul,Sunrisers Hyderabad,Sunrisers Hyderabad,Bowler,Auction,0.3,3.8,12.67,3000000,38000000,,2018|3.8,dcf81436,S Kaul
2018,Brendon McCullum,Royal Challengers Bangalore,Royal Challengers Bengaluru,Batter,Auction,2.0,3.6,1.8,20000000,36000000,,2018|3.6,b8a55852,BB McCullum
2018,Deepak Hooda,Sunrisers Hyderabad,Sunrisers Hyderabad,All-Rounder,Auction,0.4,3.6,9.0,4000000,36000000,,2018|3.6,73ad96ed,DJ Hooda
2018,Nitish Rana,Kolkata Knight Riders,Kolkata Knight Riders,All-Rounder,Auction,0.2,3.4,17.0,2000000,34000000,,2018|3.4,5318ee68,Nahid Rana
2018,Rahul Tripathi,Rajasthan Royals,Rajasthan Royals,Batter,Auction,0.2,3.4,17.0,2000000,34000000,,2018|3.4,77255a9e,RA Tripathi
2018,Kamlesh Nagarkoti,Kolkata Knight Riders,Kolkata Knight Riders,All-Rounder,Auction,0.2,3.2,16.0,2000000,32000000,,2018|3.2,b4f5c2d9,KL Nagarkoti
2018,Shahbaz Nadeem,Delhi Daredevils,Delhi Capitals,Bowler,Auction,0.3,3.2,10.67,3000000,32000000,,2018|3.2,9d80c5e1,S Nadeem
2018,Washington Sundar,Royal Challengers Bangalore,Royal Challengers Bengaluru,All-Rounder,Auction,1.5,3.2,2.13,15000000,32000000,,2018|3.2,f19ccfad,Washington Sundar
2018,Suryakumar Yadav,Mumbai Indians,Mumbai Indians,Batter,Auction,0.3,3.2,10.67,3000000,32000000,,2018|3.2,199b02e4,SU Yadav
2018,Shivam Mavi,Kolkata Knight Riders,Kolkata Knight Riders,All-Rounder,Auction,0.2,3.0,15.0,2000000,30000000,,2018|3,c38d3503,Shivam Mavi
2018,Navdeep Saini,Royal Challengers Bangalore,Royal Challengers Bengaluru,Bowler,Auction,0.2,3.0,15.0,2000000,30000000,,2018|3,21d4e29b,Navdeep Saini
2018,Ankit Singh Rajpoot,Kings XI Punjab,Punjab Kings,Bowler,Auction,0.3,3.0,10.0,3000000,30000000,,2018|3,db31895a,AS Rajpoot
2018,Kane Williamson,Sunrisers Hyderabad,Sunrisers Hyderabad,Batter,Auction,1.5,3.0,2.0,15000000,30000000,,2018|3,d027ba9f,KS Williamson
2018,David Miller,Kings XI Punjab,Punjab Kings,Batter,Auction,1.5,3.0,2.0,15000000,30000000,,2018|3,d67d5f00,DA Miller
2018,Mohammad Shami,Delhi Daredevils,Delhi Capitals,Bowler,Auction,1.0,3.0,3.0,10000000,30000000,,2018|3,8cf9814c,Mohammed Shami
2018,Sandeep Sharma,Sunrisers Hyderabad,Sunrisers Hyderabad,Bowler,Auction,0.5,3.0,6.0,5000000,30000000,,2018|3,0ebaa16a,SS Sharma
2018,Syed Khaleel Ahmed,Sunrisers Hyderabad,Sunrisers Hyderabad,Bowler,Auction,0.2,3.0,15.0,2000000,30000000,,2018|3,07687c15,Sultan Ahmed
2018,Gautam Gambhir,Delhi Daredevils,Delhi Capitals,Batter,Auction,2.0,2.8,1.4,20000000,28000000,,2018|2.8,242a9261,Gaurav Gambhir
2018,Quinton de Kock,Royal Challengers Bangalore,Royal Challengers Bengaluru,Wicketkeeper,Auction,2.0,2.8,1.4,20000000,28000000,,2018|2.8,372455c4,Q de Kock
2018,Shardul Thakur,Chennai Super Kings,Chennai Super Kings,Bowler,Auction,0.75,2.6,3.47,7500000,26000000,,2018|2.6,1abb78f8,SN Thakur
2018,Mohammed Siraj,Royal Challengers Bangalore,Royal Challengers Bengaluru,Bowler,Auction,1.0,2.6,2.6,10000000,26000000,,2018|2.6,2f49c897,Mohammed Siraj
2018,Mohit Sharma,Kings XI Punjab,Punjab Kings,Bowler,Auction,1.5,2.4,1.6,15000000,24000000,,2018|2.4,5473ec6f,Manish Sharma
2018,Ambati Rayudu,Chennai Super Kings,Chennai Super Kings,Wicketkeeper,Auction,0.5,2.2,4.4,5000000,22000000,,2018|2.2,70d205c9,AT Rayudu
2018,Colin de Grandhomme,Royal Challengers Bangalore,Royal Challengers Bengaluru,All-Rounder,Auction,0.75,2.2,2.93,7500000,22000000,,2018|2.2,94d7f855,C de Grandhomme
2018,Ben Cutting,Mumbai Indians,Mumbai Indians,All-Rounder,Auction,1.0,2.2,2.2,10000000,22000000,,2018|2.2,2e11c706,BCJ Cutting
2018,Trent Boult,Delhi Daredevils,Delhi Capitals,Bowler,Auction,1.5,2.2,1.47,15000000,22000000,,2018|2.2,a818c1be,TA Boult
2018,Murugan Ashwin,Royal Challengers Bangalore,Royal Challengers Bengaluru,Bowler,Auction,0.2,2.2,11.0,2000000,22000000,,2018|2.2,e2db2409,M Ashwin
2018,Barinder Singh Sran,Kings XI Punjab,Punjab Kings,Bowler,Auction,0.5,2.2,4.4,5000000,22000000,,2018|2.2,d8b2f218,BB Sran
2018,Mustafizur Rahman,Mumbai Indians,Mumbai Indians,Bowler,Auction,1.0,2.2,2.2,10000000,22000000,,2018|2.2,0a8fce53,Mustafizur Rahman
2018,Nathan Coulter-Nile,Royal Challengers Bangalore,Royal Challengers Bengaluru,Bowler,Auction,1.5,2.2,1.47,15000000,22000000,,2018|2.2,56ab442f,NM Coulter-Nile
2018,Christopher Gayle,Kings XI Punjab,Punjab Kings,Batter,Auction,2.0,2.0,1.0,20000000,20000000,,2018|2,db584dad,CH Gayle
2018,Yuvraj Singh,Kings XI Punjab,Punjab Kings,All-Rounder,Auction,2.0,2.0,1.0,20000000,20000000,,2018|2,1c914163,Yuvraj Singh
2018,Harbhajan Singh,Chennai Super Kings,Chennai Super Kings,Bowler,Auction,2.0,2.0,1.0,20000000,20000000,,2018|2,2123d0af,Hardeep Singh
2018,Murali Vijay,Chennai Super Kings,Chennai Super Kings,Batter,Auction,2.0,2.0,1.0,20000000,20000000,,2018|2,4b57e452,M Vijay
2018,Mitchell Johnson,Kolkata Knight Riders,Kolkata Knight Riders,Bowler,Auction,2.0,2.0,1.0,20000000,20000000,,2018|2,f5180fe6,MG Johnson
2018,Carlos Brathwaite,Sunrisers Hyderabad,Sunrisers Hyderabad,All-Rounder,Auction,1.0,2.0,2.0,10000000,20000000,,2018|2,e342e5fb,CR Brathwaite
2018,Shubman Gill,Kolkata Knight Riders,Kolkata Knight Riders,Batter,Auction,0.2,1.8,9.0,2000000,18000000,,2018|1.8,3e6e9a5f,S Gill
2018,Sarfaraz Khan,Royal Challengers Bangalore,Royal Challengers Bengaluru,Batter,Retained,2.0,1.75,0.88,20000000,17500000,,2018|1.75,03ecfde2,Shoaib Khan
2018,Moeen Ali,Royal Challengers Bangalore,Royal Challengers Bengaluru,All-Rounder,Auction,1.5,1.7,1.13,15000000,17000000,,2018|1.7,4a491652,Muktar Ali
2018,Parthiv Patel,Royal Challengers Bangalore,Royal Challengers Bengaluru,Wicketkeeper,Auction,1.0,1.7,1.7,10000000,17000000,,2018|1.7,3317dc7a,P Jayeshbhai Patel
2018,Faf du Plessis,Chennai Super Kings,Chennai Super Kings,Batter,Auction,1.5,1.6,1.07,15000000,16000000,,2018|1.6,3355b542,F du Plessis
2019,Varun Chakravarthy,Kings XI Punjab,Punjab Kings,All-Rounder,Auction,0.2,8.4,42.0,2000000,84000000,,2019|8.4,5b7ab5a9,CV Varun
2019,Jaydev Unadkat,Rajasthan Royals,Rajasthan Royals,Bowler,Auction,1.5,8.4,5.6,15000000,84000000,,2019|8.4,1e66c162,JD Unadkat
2019,Sam Curran,Kings XI Punjab,Punjab Kings,All-Rounder,Auction,2.0,7.2,3.6,20000000,72000000,,2019|7.2,e94915e6,SM Curran
2019,Colin Ingram,Delhi Capitals,Delhi Capitals,Batter,Auction,2.0,6.4,3.2,20000000,64000000,,2019|6.4,c995d726,CA Ingram
2019,Carlos Brathwaite,Kolkata Knight Riders,Kolkata Knight Riders,All-Rounder,Auction,0.75,5.0,6.67,7500000,50000000,,2019|5,e342e5fb,CR Brathwaite
2019,Axar Patel,Delhi Capitals,Delhi Capitals,All-Rounder,Auction,1.0,5.0,5.0,10000000,50000000,,2019|5,29b6bcd4,Ajaz Patel
2019,Mohit Sharma,Chennai Super Kings,Chennai Super Kings,Bowler,Auction,0.5,5.0,10.0,5000000,50000000,,2019|5,5473ec6f,Manish Sharma
2019,Shivam Dube,Royal Challengers Bangalore,Royal Challengers Bengaluru,All-Rounder,Auction,0.2,5.0,25.0,2000000,50000000,,2019|5,a4e37e47,S Dube
2019,Mohammad Shami,Kings XI Punjab,Punjab Kings,Bowler,Auction,1.0,4.8,4.8,10000000,48000000,,2019|4.8,8cf9814c,Mohammed Shami
2019,Prabhsimran Singh,Kings XI Punjab,Punjab Kings,Wicketkeeper,Auction,0.2,4.8,24.0,2000000,48000000,,2019|4.8,014da3d8,Paras Singh
2019,Shimron Hetmyer,Royal Challengers Bangalore,Royal Challengers Bengaluru,Batter,Auction,0.5,4.2,8.4,5000000,42000000,,2019|4.2,48a1d7b7,SO Hetmyer
2019,Nicolas Pooran,Kings XI Punjab,Punjab Kings,Wicketkeeper,Auction,0.8,4.2,5.25,8000000,42000000,,2019|4.2,3241e3fd,N Pooran
2019,Akshdeep Nath,Royal Challengers Bangalore,Royal Challengers Bengaluru,All-Rounder,Auction,0.2,3.6,18.0,2000000,36000000,,2019|3.6,f10e94c4,AD Nath
2019,Barinder Singh Sran,Mumbai Indians,Mumbai Indians,Bowler,Auction,0.5,3.4,6.8,5000000,34000000,,2019|3.4,d8b2f218,BB Sran
2019,Jonny Bairstow,Sunrisers Hyderabad,Sunrisers Hyderabad,Wicketkeeper,Auction,1.5,2.2,1.47,15000000,22000000,,2019|2.2,abb83e27,JM Bairstow
2019,Hanuma Vihari,Delhi Capitals,Delhi Capitals,Batter,Auction,0.5,2.0,4.0,5000000,20000000,,2019|2,94253925,GH Vihari
2019,Lasith Malinga,Mumbai Indians,Mumbai Indians,Bowler,Auction,2.0,2.0,1.0,20000000,20000000,,2019|2,79eb117d,LN Malinga
2019,Sherfane Rutherford,Delhi Capitals,Delhi Capitals,All-Rounder,Auction,0.4,2.0,5.0,4000000,20000000,,2019|2,d014d5ac,SE Rutherford
2020,Pat Cummins,Kolkata Knight Riders,Kolkata Knight Riders,All-Rounder,Auction,2.0,15.5,7.75,20000000,155000000,,2020|15.5,ded9240e,PJ Cummins
2020,Glenn Maxwell,Kings XI Punjab,Punjab Kings,All-Rounder,Auction,1.07,10.75,10.05,10700000,107500000,,2020|10.75,b681e71e,GJ Maxwell
2020,Christopher Morris,Royal Challengers Bangalore,Royal Challengers Bengaluru,All-Rounder,Auction,1.5,10.0,6.67,15000000,100000000,,2020|10,5db1c288,CAJ Morris
2020,Sheldon Cottrell,Kings XI Punjab,Punjab Kings,Bowler,Auction,0.5,8.5,17.0,5000000,85000000,,2020|8.5,a1d053dd,SS Cottrell
2020,Nathan Coulter-Nile,Mumbai Indians,Mumbai Indians,Bowler,Auction,1.0,8.0,8.0,10000000,80000000,,2020|8,56ab442f,NM Coulter-Nile
2020,Shimron Hetmyer,Delhi Capitals,Delhi Capitals,Batter,Auction,0.5,7.75,15.5,5000000,77500000,,2020|7.75,48a1d7b7,SO Hetmyer
2020,Piyush Chawla,Chennai Super Kings,Chennai Super Kings,Bowler,Auction,1.0,6.75,6.75,10000000,67500000,,2020|6.75,98ae73b1,PP Chawla
2020,Sam Curran,Chennai Super Kings,Chennai Super Kings,All-Rounder,Auction,1.0,5.5,5.5,10000000,55000000,,2020|5.5,e94915e6,SM Curran
2020,Eoin Morgan,Kolkata Knight Riders,Kolkata Knight Riders,Batter,Auction,1.5,5.25,3.5,15000000,52500000,,2020|5.25,d2a6c0e6,EJG Morgan
2020,Marcus Stoinis,Delhi Capitals,Delhi Capitals,All-Rounder,Auction,1.0,4.8,4.8,10000000,48000000,,2020|4.8,d9273ee7,MP Stoinis
2020,Aaron Finch,Royal Challengers Bangalore,Royal Challengers Bengaluru,Batter,Auction,1.0,4.4,4.4,10000000,44000000,,2020|4.4,b8d490fd,AJ Finch
2020,Kane Richardson,Royal Challengers Bangalore,Royal Challengers Bengaluru,Bowler,Auction,1.5,4.0,2.67,15000000,40000000,,2020|4,dfc4d8b5,KW Richardson
2020,Varun Chakravarthy,Kolkata Knight Riders,Kolkata Knight Riders,All-Rounder,Auction,0.3,4.0,13.33,3000000,40000000,,2020|4,5b7ab5a9,CV Varun
2020,Jaydev Unadkat,Rajasthan Royals,Rajasthan Royals,Bowler,Auction,1.0,3.0,3.0,10000000,30000000,,2020|3,1e66c162,JD Unadkat
2020,Robin Uthappa,Rajasthan Royals,Rajasthan Royals,Batter,Auction,1.5,3.0,2.0,15000000,30000000,,2020|3,1c17e270,RV Uthappa
2020,Chris Jordan,Kings XI Punjab,Punjab Kings,All-Rounder,Auction,0.75,3.0,4.0,7500000,30000000,,2020|3,ffe699c0,CJ Jordan
2020,Yashasvi Jaiswal,Rajasthan Royals,Rajasthan Royals,All-Rounder,Auction,0.2,2.4,12.0,2000000,24000000,,2020|2.4,6c19c6e5,YBK Jaiswal
2020,Alex Carey,Delhi Capitals,Delhi Capitals,Wicketkeeper,Auction,0.5,2.4,4.8,5000000,24000000,,2020|2.4,69d03465,AT Carey
2020,Ravi Bishnoi,Kings XI Punjab,Punjab Kings,Bowler,Auction,0.2,2.0,10.0,2000000,20000000,,2020|2,4d5a1617,R Bishnoi
2020,Dale Steyn,Royal Challengers Bangalore,Royal Challengers Bengaluru,Bowler,Auction,2.0,2.0,1.0,20000000,20000000,,2020|2,8fd1a8f5,DW Steyn
2020,Chris Lynn,Mumbai Indians,Mumbai Indians,Batter,Auction,2.0,2.0,1.0,20000000,20000000,,2020|2,45eda7c8,CA Lynn
2020,Josh Hazlewood,Chennai Super Kings,Chennai Super Kings,Bowler,Auction,2.0,2.0,1.0,20000000,20000000,,2020|2,03806cf8,JR Hazlewood
2020,Mitchell Marsh,Sunrisers Hyderabad,Sunrisers Hyderabad,All-Rounder,Auction,2.0,2.0,1.0,20000000,20000000,,2020|2,3d8feaf8,MR Marsh
2021,Christopher Morris,Rajasthan Royals,Rajasthan Royals,All-Rounder,Auction,0.75,16.25,21.67,7500000,162500000,,2021|16.25,5db1c288,CAJ Morris
2021,Kyle Jamieson,Royal Challengers Bangalore,Royal Challengers Bengaluru,All-Rounder,Auction,0.75,15.0,20.0,7500000,150000000,,2021|15,68c56d09,KA Jamieson
2021,Glenn Maxwell,Royal Challengers Bangalore,Royal Challengers Bengaluru,All-Rounder,Auction,2.0,14.25,7.12,20000000,142500000,,2021|14.25,b681e71e,GJ Maxwell
2021,Jhye Richardson,Punjab Kings,Punjab Kings,Bowler,Auction,1.5,14.0,9.33,15000000,140000000,,2021|14,1ee08e9a,JA Richardson
2021,Krishnappa Gowtham,Chennai Super Kings,Chennai Super Kings,All-Rounder,Auction,0.2,9.25,46.25,2000000,92500000,,2021|9.25,90de905a,K Gowtham
2021,Riley Meredith,Punjab Kings,Punjab Kings,Bowler,Auction,0.4,8.0,20.0,4000000,80000000,,2021|8,64775749,RP Meredith
2021,Moeen Ali,Chennai Super Kings,Chennai Super Kings,All-Rounder,Auction,2.0,7.0,3.5,20000000,70000000,,2021|7,4a491652,Muktar Ali
2021,Shahrukh Khan,Punjab Kings,Punjab Kings,All-Rounder,Auction,0.2,5.25,26.25,2000000,52500000,,2021|5.25,03ecfde2,Shoaib Khan
2021,Tom Curran,Delhi Capitals,Delhi Capitals,All-Rounder,Auction,1.5,5.25,3.5,15000000,52500000,,2021|5.25,e86754b2,TK Curran
2021,Nathan Coulter-Nile,Mumbai Indians,Mumbai Indians,Bowler,Auction,1.5,5.0,3.33,15000000,50000000,,2021|5,56ab442f,NM Coulter-Nile
2021,Dan Christian,Royal Challengers Bangalore,Royal Challengers Bengaluru,All-Rounder,Auction,0.75,4.8,6.4,7500000,48000000,,2021|4.8,2a2e6343,DT Christian
2021,Shivam Dube,Rajasthan Royals,Rajasthan Royals,All-Rounder,Auction,0.5,4.4,8.8,5000000,44000000,,2021|4.4,a4e37e47,S Dube
2021,Moises Henriques,Punjab Kings,Punjab Kings,All-Rounder,Auction,1.0,4.2,4.2,10000000,42000000,,2021|4.2,32198ae0,MC Henriques
2021,Shakib Al Hasan,Kolkata Knight Riders,Kolkata Knight Riders,All-Rounder,Auction,2.0,3.2,1.6,20000000,32000000,,2021|3.2,7dc35884,Shakib Al Hasan
2021,Adam Milne,Mumbai Indians,Mumbai Indians,Bowler,Auction,0.5,3.2,6.4,5000000,32000000,,2021|3.2,350bb1b1,AF Milne
2021,Chetan Sakariya,Rajasthan Royals,Rajasthan Royals,Bowler,Auction,0.2,1.2,6.0,2000000,12000000,,2021|1.2,2cdce1be,C Sakariya
2022,KL Rahul,Lucknow Super Giants,Lucknow Super Giants,Batter,Draft,2.0,17.0,8.5,20000000,170000000,,2022|17,b17e2f24,KL Rahul
2022,Ravindra Jadeja,Chennai Super Kings,Chennai Super Kings,All-Rounder,Retained,2.0,16.0,8.0,20000000,160000000,,2022|16,fe93fd9d,RA Jadeja
2022,Rishabh Pant,Delhi Capitals,Delhi Capitals,Wicketkeeper,Retained,2.0,16.0,8.0,20000000,160000000,,2022|16,919a3be2,RR Pant
2022,Rohit Sharma,Mumbai Indians,Mumbai Indians,Batter,Retained,2.0,16.0,8.0,20000000,160000000,,2022|16,2278c4ca,R Sharma
2022,Ishan Kishan,Mumbai Indians,Mumbai Indians,Wicketkeeper,Auction,2.0,15.25,7.62,20000000,152500000,,2022|15.25,752f7486,Ishan Kishan
2022,Hardik Pandya,Gujarat Titans,Gujarat Titans,All-Rounder,Draft,2.0,15.0,7.5,20000000,150000000,,2022|15,dbe50b21,HH Pandya
2022,Rashid Khan,Gujarat Titans,Gujarat Titans,Bowler,Draft,2.0,15.0,7.5,20000000,150000000,,2022|15,1eaac48d,Rashid Khan
2022,Virat Kohli,Royal Challengers Bangalore,Royal Challengers Bengaluru,Batter,Retained,2.0,15.0,7.5,20000000,150000000,,2022|15,ba607b88,V Kohli
2022,Sanju Samson,Rajasthan Royals,Rajasthan Royals,Wicketkeeper,Retained,2.0,14.0,7.0,20000000,140000000,,2022|14,a4cc73aa,SV Samson
2022,Kane Williamson,Sunrisers Hyderabad,Sunrisers Hyderabad,Batter,Retained,2.0,14.0,7.0,20000000,140000000,,2022|14,d027ba9f,KS Williamson
2022,Mayank Agarwal,Punjab Kings,Punjab Kings,Batter,Retained,2.0,14.0,7.0,20000000,140000000,,2022|14,00ea847a,MA Agarwal
2022,Deepak Chahar,Chennai Super Kings,Chennai Super Kings,Bowler,Auction,2.0,14.0,7.0,20000000,140000000,,2022|14,23eeb873,DL Chahar
2022,Shreyas Iyer,Kolkata Knight Riders,Kolkata Knight Riders,Batter,Auction,2.0,12.25,6.12,20000000,122500000,,2022|12.25,85ec8e33,SS Iyer
2022,MS Dhoni,Chennai Super Kings,Chennai Super Kings,Wicketkeeper,Retained,2.0,12.0,6.0,20000000,120000000,,2022|12,4a8a2e3b,MS Dhoni
2022,Jasprit Bumrah,Mumbai Indians,Mumbai Indians,Bowler,Retained,2.0,12.0,6.0,20000000,120000000,,2022|12,462411b3,JJ Bumrah
2022,Andre Russell,Kolkata Knight Riders,Kolkata Knight Riders,All-Rounder,Retained,2.0,12.0,6.0,20000000,120000000,,2022|12,a6f2b2ef,AK Russell
2022,Liam Livingstone,Punjab Kings,Punjab Kings,All-Rounder,Auction,1.0,11.5,11.5,10000000,115000000,,2022|11.5,50c6bc2b,LS Livingstone
2022,Glenn Maxwell,Royal Challengers Bangalore,Royal Challengers Bengaluru,All-Rounder,Retained,2.0,11.0,5.5,20000000,110000000,,2022|11,b681e71e,GJ Maxwell
2022,Shardul Thakur,Delhi Capitals,Delhi Capitals,Bowler,Auction,2.0,10.75,5.38,20000000,107500000,,2022|10.75,1abb78f8,SN Thakur
2022,Harshal Patel,Royal Challengers Bangalore,Royal Challengers Bengaluru,All-Rounder,Auction,2.0,10.75,5.38,20000000,107500000,,2022|10.75,000803b1,Het Patel
2022,Wanindu Hasaranga,Royal Challengers Bangalore,Royal Challengers Bengaluru,All-Rounder,Auction,1.0,10.75,10.75,10000000,107500000,,2022|10.75,a97c8ec2,PWH de Silva
2022,Nicholas Pooran,Sunrisers Hyderabad,Sunrisers Hyderabad,Wicketkeeper,Auction,1.5,10.75,7.17,15000000,107500000,,2022|10.75,3241e3fd,N Pooran
2022,Jos Buttler,Rajasthan Royals,Rajasthan Royals,Wicketkeeper,Retained,2.0,10.0,5.0,20000000,100000000,,2022|10,99b75528,JC Buttler
2022,Lockie Ferguson,Gujarat Titans,Gujarat Titans,Bowler,Auction,2.0,10.0,5.0,20000000,100000000,,2022|10,2f9d0389,LH Ferguson
2022,Prasidh Krishna,Rajasthan Royals,Rajasthan Royals,Bowler,Auction,1.0,10.0,10.0,10000000,100000000,,2022|10,85e0cf10,M Prasidh Krishna
2022,Avesh Khan,Lucknow Super Giants,Lucknow Super Giants,Bowler,Auction,0.2,10.0,50.0,2000000,100000000,,2022|10,074acfb4,Asif Khan
2022,Kagiso Rabada,Punjab Kings,Punjab Kings,Bowler,Auction,2.0,9.25,4.62,20000000,92500000,,2022|9.25,e62dd25d,K Rabada
2022,Marcus Stoinis,Lucknow Super Giants,Lucknow Super Giants,All-Rounder,Draft,2.0,9.2,4.6,20000000,92000000,,2022|9.2,d9273ee7,MP Stoinis
2022,Axar Patel,Delhi Capitals,Delhi Capitals,All-Rounder,Retained,2.0,9.0,4.5,20000000,90000000,,2022|9,29b6bcd4,Ajaz Patel
2022,Shahrukh Khan,Punjab Kings,Punjab Kings,All-Rounder,Auction,0.4,9.0,22.5,4000000,90000000,,2022|9,03ecfde2,Shoaib Khan
2022,Rahul Tewatia,Gujarat Titans,Gujarat Titans,All-Rounder,Auction,0.4,9.0,22.5,4000000,90000000,,2022|9,39a2dfa8,R Tewatia
2022,Jason Holder,Lucknow Super Giants,Lucknow Super Giants,All-Rounder,Auction,1.5,8.75,5.83,15000000,87500000,,2022|8.75,0f721006,JO Holder
2022,Washington Sundar,Sunrisers Hyderabad,Sunrisers Hyderabad,All-Rounder,Auction,1.5,8.75,5.83,15000000,87500000,,2022|8.75,f19ccfad,Washington Sundar
2022,Rahul Tripathi,Sunrisers Hyderabad,Sunrisers Hyderabad,Batter,Auction,1.0,8.5,8.5,10000000,85000000,,2022|8.5,77255a9e,RA Tripathi
2022,Shimron Hetmyer,Rajasthan Royals,Rajasthan Royals,Batter,Auction,0.5,8.5,17.0,5000000,85000000,,2022|8.5,48a1d7b7,SO Hetmyer
2022,Shikhar Dhawan,Punjab Kings,Punjab Kings,Batter,Auction,2.0,8.25,4.12,20000000,82500000,,2022|8.25,0a476045,S Dhawan
2022,Krunal Pandya,Lucknow Super Giants,Lucknow Super Giants,All-Rounder,Auction,2.0,8.25,4.12,20000000,82500000,,2022|8.25,5b8c830e,KH Pandya
2022,Tim David,Mumbai Indians,Mumbai Indians,All-Rounder,Auction,0.4,8.25,20.62,4000000,82500000,,2022|8.25,f1f99156,TH David
2022,Moeen Ali,Chennai Super Kings,Chennai Super Kings,All-Rounder,Retained,2.0,8.0,4.0,20000000,80000000,,2022|8,4a491652,Muktar Ali
2022,Suryakumar Yadav,Mumbai Indians,Mumbai Indians,Batter,Retained,2.0,8.0,4.0,20000000,80000000,,2022|8,199b02e4,SU Yadav
2022,Varun Chakravarthy,Kolkata Knight Riders,Kolkata Knight Riders,Bowler,Retained,2.0,8.0,4.0,20000000,80000000,,2022|8,5b7ab5a9,CV Varun
2022,Venkatesh Iyer,Kolkata Knight Riders,Kolkata Knight Riders,All-Rounder,Retained,2.0,8.0,4.0,20000000,80000000,,2022|8,43247512,Vinay Iyer
2022,Shubman Gill,Gujarat Titans,Gujarat Titans,Batter,Draft,2.0,8.0,4.0,20000000,80000000,,2022|8,3e6e9a5f,S Gill
2022,Jofra Archer,Mumbai Indians,Mumbai Indians,All-Rounder,Auction,2.0,8.0,4.0,20000000,80000000,,2022|8,5574750c,JC Archer
2022,Nitish Rana,Kolkata Knight Riders,Kolkata Knight Riders,All-Rounder,Auction,1.0,8.0,8.0,10000000,80000000,,2022|8,5318ee68,Nahid Rana
2022,Trent Boult,Rajasthan Royals,Rajasthan Royals,Bowler,Auction,2.0,8.0,4.0,20000000,80000000,,2022|8,a818c1be,TA Boult
2022,Devdutt Padikkal,Rajasthan Royals,Rajasthan Royals,Batter,Auction,2.0,7.75,3.88,20000000,77500000,,2022|7.75,2c25d4f5,D Padikkal
2022,Josh Hazlewood,Royal Challengers Bangalore,Royal Challengers Bengaluru,Bowler,Auction,2.0,7.75,3.88,20000000,77500000,,2022|7.75,03806cf8,JR Hazlewood
2022,Romario Shepherd,Sunrisers Hyderabad,Sunrisers Hyderabad,All-Rounder,Auction,0.75,7.75,10.33,7500000,77500000,,2022|7.75,c5aef772,R Shepherd
2022,Prithvi Shaw,Delhi Capitals,Delhi Capitals,Batter,Retained,2.0,7.5,3.75,20000000,75000000,,2022|7.5,8b3e9c7c,PP Shaw
2022,Mark Wood,Lucknow Super Giants,Lucknow Super Giants,Bowler,Auction,2.0,7.5,3.75,20000000,75000000,,2022|7.5,8d92a2c3,MA Wood
2022,Shivam Mavi,Kolkata Knight Riders,Kolkata Knight Riders,All-Rounder,Auction,1.0,7.25,7.25,10000000,72500000,,2022|7.25,c38d3503,Shivam Mavi
2022,Pat Cummins,Kolkata Knight Riders,Kolkata Knight Riders,All-Rounder,Auction,2.0,7.25,3.62,20000000,72500000,,2022|7.25,ded9240e,PJ Cummins
2022,Mohammed Siraj,Royal Challengers Bangalore,Royal Challengers Bengaluru,Bowler,Retained,2.0,7.0,3.5,20000000,70000000,,2022|7,2f49c897,Mohammed Siraj
2022,Faf du Plessis,Royal Challengers Bangalore,Royal Challengers Bengaluru,Batter,Auction,2.0,7.0,3.5,20000000,70000000,,2022|7,3355b542,F du Plessis
2022,Quinton de Kock,Lucknow Super Giants,Lucknow Super Giants,Wicketkeeper,Auction,2.0,6.75,3.38,20000000,67500000,,2022|6.75,372455c4,Q de Kock
2022,Jonny Bairstow,Punjab Kings,Punjab Kings,Wicketkeeper,Auction,1.5,6.75,4.5,15000000,67500000,,2022|6.75,abb83e27,JM Bairstow
2022,Ambati Rayudu,Chennai Super Kings,Chennai Super Kings,Wicketkeeper,Auction,2.0,6.75,3.38,20000000,67500000,,2022|6.75,70d205c9,AT Rayudu
2022,Anrich Nortje,Delhi Capitals,Delhi Capitals,Bowler,Retained,2.0,6.5,3.25,20000000,65000000,,2022|6.5,acdc62f5,A Nortje
2022,Mitchell Marsh,Delhi Capitals,Delhi Capitals,All-Rounder,Auction,2.0,6.5,3.25,20000000,65000000,,2022|6.5,3d8feaf8,MR Marsh
2022,Yuzvendra Chahal,Rajasthan Royals,Rajasthan Royals,Bowler,Auction,2.0,6.5,3.25,20000000,65000000,,2022|6.5,57ee1fde,YS Chahal
2022,Abhishek Sharma,Sunrisers Hyderabad,Sunrisers Hyderabad,All-Rounder,Auction,0.2,6.5,32.5,2000000,65000000,,2022|6.5,12f75dbd,AP Sharma
2022,David Warner,Delhi Capitals,Delhi Capitals,Batter,Auction,2.0,6.25,3.12,20000000,62500000,,2022|6.25,dcce6f09,DA Warner
2022,Mohammad Shami,Gujarat Titans,Gujarat Titans,Bowler,Auction,2.0,6.25,3.12,20000000,62500000,,2022|6.25,8cf9814c,Mohammed Shami
2022,Ruturaj Gaikwad,Chennai Super Kings,Chennai Super Kings,Batter,Retained,2.0,6.0,3.0,20000000,60000000,,2022|6,45a43fe2,RD Gaikwad
2022,Kieron Pollard,Mumbai Indians,Mumbai Indians,All-Rounder,Retained,2.0,6.0,3.0,20000000,60000000,,2022|6,a757b0d8,KA Pollard
2022,Sunil Narine,Kolkata Knight Riders,Kolkata Knight Riders,Bowler,Retained,2.0,6.0,3.0,20000000,60000000,,2022|6,9d430b40,SP Narine
2022,Deepak Hooda,Lucknow Super Giants,Lucknow Super Giants,All-Rounder,Auction,0.75,5.75,7.67,7500000,57500000,,2022|5.75,73ad96ed,DJ Hooda
2022,Dinesh Karthik,Royal Challengers Bangalore,Royal Challengers Bengaluru,Wicketkeeper,Auction,2.0,5.5,2.75,20000000,55000000,,2022|5.5,c03f1114,KD Karthik
2022,Syed Khaleel Ahmed,Delhi Capitals,Delhi Capitals,Bowler,Auction,0.5,5.25,10.5,5000000,52500000,,2022|5.25,07687c15,Sultan Ahmed
2022,Rahul Chahar,Punjab Kings,Punjab Kings,Bowler,Auction,0.75,5.25,7.0,7500000,52500000,,2022|5.25,2ed569a0,RD Chahar
2022,Ravichandran Ashwin,Rajasthan Royals,Rajasthan Royals,All-Rounder,Auction,2.0,5.0,2.5,20000000,50000000,,2022|5,495d42a5,R Ashwin
2022,Yashasvi Jaiswal,Rajasthan Royals,Rajasthan Royals,Batter,Retained,2.0,4.0,2.0,20000000,40000000,,2022|4,6c19c6e5,YBK Jaiswal
2022,Ravi Bishnoi,Lucknow Super Giants,Lucknow Super Giants,Bowler,Draft,2.0,4.0,2.0,20000000,40000000,,2022|4,4d5a1617,R Bishnoi
2022,Arshdeep Singh,Punjab Kings,Punjab Kings,Bowler,Retained,2.0,4.0,2.0,20000000,40000000,,2022|4,05d9e607,Aditya Singh
2022,Umran Malik,Sunrisers Hyderabad,Sunrisers Hyderabad,Bowler,Retained,2.0,4.0,2.0,20000000,40000000,,2022|4,81c08fa3,Umran Malik
2022,Abdul Samad,Sunrisers Hyderabad,Sunrisers Hyderabad,All-Rounder,Retained,2.0,4.0,2.0,20000000,40000000,,2022|4,21dbacff,Abdul Samad
2023,Sam Curran,Punjab Kings,Punjab Kings,All-Rounder,Auction,2.0,18.5,9.25,20000000,185000000,,2023|18.5,e94915e6,SM Curran
2023,Cameron Green,Mumbai Indians,Mumbai Indians,All-Rounder,Auction,2.0,17.5,8.75,20000000,175000000,,2023|17.5,19b9f399,CJ Green
2023,Ben Stokes,Chennai Super Kings,Chennai Super Kings,All-Rounder,Auction,2.0,16.25,8.12,20000000,162500000,,2023|16.25,e087956b,BA Stokes
2023,Nicholas Pooran,Lucknow Super Giants,Lucknow Super Giants,Wicketkeeper,Auction,2.0,16.0,8.0,20000000,160000000,,2023|16,3241e3fd,N Pooran
2023,Harry Brook,Sunrisers Hyderabad,Sunrisers Hyderabad,Batter,Auction,1.5,13.25,8.83,15000000,132500000,,2023|13.25,4ae1755b,HC Brook
2023,Mayank Agarwal,Sunrisers Hyderabad,Sunrisers Hyderabad,Batter,Auction,1.0,8.25,8.25,10000000,82500000,,2023|8.25,00ea847a,MA Agarwal
2023,Shivam Mavi,Gujarat Titans,Gujarat Titans,Bowler,Auction,0.4,6.0,15.0,4000000,60000000,,2023|6,c38d3503,Shivam Mavi
2023,Jason Holder,Rajasthan Royals,Rajasthan Royals,All-Rounder,Auction,2.0,5.75,2.88,20000000,57500000,,2023|5.75,0f721006,JO Holder
2023,Mukesh Kumar,Delhi Capitals,Delhi Capitals,Bowler,Auction,0.2,5.5,27.5,2000000,55000000,,2023|5.5,2cffab74,Mukesh Kumar
2023,Heinrich Klaasen,Sunrisers Hyderabad,Sunrisers Hyderabad,Wicketkeeper,Auction,1.0,5.25,5.25,10000000,52500000,,2023|5.25,235c2bb6,H Klaasen
2023,Rilee Rossouw,Delhi Capitals,Delhi Capitals,Batter,Auction,2.0,4.6,2.3,20000000,46000000,,2023|4.6,cad00a4d,RR Rossouw
2023,Joshua Little,Gujarat Titans,Gujarat Titans,Bowler,Auction,0.5,4.4,8.8,5000000,44000000,,2023|4.4,9061a703,J Little
2023,Will Jacks,Royal Challengers Bangalore,Royal Challengers Bengaluru,All-Rounder,Auction,1.5,3.2,2.13,15000000,32000000,,2023|3.2,9caf69a1,WG Jacks
2023,Manish Pandey,Delhi Capitals,Delhi Capitals,Batter,Auction,1.0,2.4,2.4,10000000,24000000,,2023|2.4,93b4fc78,MK Pandey
2023,Kane Williamson,Gujarat Titans,Gujarat Titans,Batter,Auction,2.0,2.0,1.0,20000000,20000000,,2023|2,d027ba9f,KS Williamson
2023,Phil Salt,Delhi Capitals,Delhi Capitals,Wicketkeeper,Auction,2.0,2.0,1.0,20000000,20000000,,2023|2,3d284ca3,PD Salt
2023,Adil Rashid,Sunrisers Hyderabad,Sunrisers Hyderabad,Bowler,Auction,2.0,2.0,1.0,20000000,20000000,,2023|2,249d60c9,AU Rashid
2023,Jhye Richardson,Mumbai Indians,Mumbai Indians,Bowler,Auction,1.5,1.5,1.0,15000000,15000000,,2023|1.5,1ee08e9a,JA Richardson
2023,Adam Zampa,Rajasthan Royals,Rajasthan Royals,Bowler,Auction,1.5,1.5,1.0,15000000,15000000,,2023|1.5,14f96089,A Zampa
2023,Shakib Al Hasan,Kolkata Knight Riders,Kolkata Knight Riders,All-Rounder,Auction,1.5,1.5,1.0,15000000,15000000,,2023|1.5,7dc35884,Shakib Al Hasan
2023,KS Bharat,Gujarat Titans,Gujarat Titans,Wicketkeeper,Auction,0.2,1.2,6.0,2000000,12000000,,2023|1.2,44a89551,KS Bharat
2024,Mitchell Starc,Kolkata Knight Riders,Kolkata Knight Riders,Bowler,Auction,2.0,24.75,12.38,20000000,247500000,,2024|24.75,3fb19989,MA Starc
2024,Pat Cummins,Sunrisers Hyderabad,Sunrisers Hyderabad,Bowler,Auction,2.0,20.5,10.25,20000000,205000000,,2024|20.5,ded9240e,PJ Cummins
2024,Daryl Mitchell,Chennai Super Kings,Chennai Super Kings,All-Rounder,Auction,1.0,14.0,14.0,10000000,140000000,,2024|14,8108e2d2,DKH Mitchell
2024,Harshal Patel,Punjab Kings,Punjab Kings,All-Rounder,Auction,2.0,11.75,5.88,20000000,117500000,,2024|11.75,000803b1,Het Patel
2024,Alzarri Joseph,Royal Challengers Bangalore,Royal Challengers Bengaluru,Bowler,Auction,1.0,11.5,11.5,10000000,115000000,,2024|11.5,b0946605,AS Joseph
2024,Spencer Johnson,Gujarat Titans,Gujarat Titans,Bowler,Auction,0.5,10.0,20.0,5000000,100000000,,2024|10,83c3e8e3,SH Johnson
2024,Sameer Rizvi,Chennai Super Kings,Chennai Super Kings,Batter,Auction,0.2,8.4,42.0,2000000,84000000,,2024|8.4,f89d3b11,Sameer Rizvi
2024,Rilee Rossouw,Punjab Kings,Punjab Kings,Batter,Auction,2.0,8.0,4.0,20000000,80000000,,2024|8,cad00a4d,RR Rossouw
2024,Rovman Powell,Rajasthan Royals,Rajasthan Royals,Batter,Auction,1.5,7.4,4.93,15000000,74000000,,2024|7.4,650d5e49,R Powell
2024,Shahrukh Khan,Gujarat Titans,Gujarat Titans,All-Rounder,Auction,0.4,7.4,18.5,4000000,74000000,,2024|7.4,03ecfde2,Shoaib Khan
2024,Kumar Kushagra,Delhi Capitals,Delhi Capitals,Wicketkeeper,Auction,0.2,7.2,36.0,2000000,72000000,,2024|7.2,57ca01b3,Kumar Kushagra
2024,Travis Head,Sunrisers Hyderabad,Sunrisers Hyderabad,Batter,Auction,2.0,6.8,3.4,20000000,68000000,,2024|6.8,12b610c2,TM Head
2024,Shivam Mavi,Lucknow Super Giants,Lucknow Super Giants,Bowler,Auction,0.5,6.4,12.8,5000000,64000000,,2024|6.4,c38d3503,Shivam Mavi
2024,Umesh Yadav,Gujarat Titans,Gujarat Titans,Bowler,Auction,2.0,5.8,2.9,20000000,58000000,,2024|5.8,80ffea17,Upendra Yadav
2024,Shubham Dubey,Rajasthan Royals,Rajasthan Royals,Batter,Auction,0.2,5.8,29.0,2000000,58000000,,2024|5.8,11061889,SR Dubey
2024,Gerald Coetzee,Mumbai Indians,Mumbai Indians,Bowler,Auction,2.0,5.0,2.5,20000000,50000000,,2024|5,3204c99f,G Coetzee
2024,Yash Dayal,Royal Challengers Bangalore,Royal Challengers Bengaluru,Bowler,Auction,0.2,5.0,25.0,2000000,50000000,,2024|5,7210d461,Yash Dayal
2024,Dilshan Madushanka,Mumbai Indians,Mumbai Indians,Bowler,Auction,0.5,4.6,9.2,5000000,46000000,,2024|4.6,248698f4,DSK Madushanka
2024,Chris Woakes,Punjab Kings,Punjab Kings,All-Rounder,Auction,2.0,4.2,2.1,20000000,42000000,,2024|4.2,4c5d73db,CR Woakes
2024,Harry Brook,Delhi Capitals,Delhi Capitals,Batter,Auction,2.0,4.0,2.0,20000000,40000000,,2024|4,4ae1755b,HC Brook
2024,Shardul Thakur,Chennai Super Kings,Chennai Super Kings,All-Rounder,Auction,2.0,4.0,2.0,20000000,40000000,,2024|4,1abb78f8,SN Thakur
2024,M Siddharth,Lucknow Super Giants,Lucknow Super Giants,Bowler,Auction,0.2,2.4,12.0,2000000,24000000,,2024|2.4,cf0ccafa,M Siddharth
2024,Sushant Mishra,Gujarat Titans,Gujarat Titans,Bowler,Auction,0.2,2.2,11.0,2000000,22000000,,2024|2.2,92500ad5,SS Mishra
2024,Rachin Ravindra,Chennai Super Kings,Chennai Super Kings,All-Rounder,Auction,0.5,1.8,3.6,5000000,18000000,,2024|1.8,ba5e1069,R Ravindra
2024,Jaydev Unadkat,Sunrisers Hyderabad,Sunrisers Hyderabad,Bowler,Auction,0.5,1.6,3.2,5000000,16000000,,2024|1.6,1e66c162,JD Unadkat
2024,Wanindu Hasaranga,Sunrisers Hyderabad,Sunrisers Hyderabad,All-Rounder,Auction,1.5,1.5,1.0,15000000,15000000,,2024|1.5,a97c8ec2,PWH de Silva
2025,Rishabh Pant,Lucknow Super Giants,Lucknow Super Giants,Batter,Auction,2.0,27.0,13.5,20000000,270000000,,2025|27,919a3be2,RR Pant
2025,Shreyas Iyer,Punjab Kings,Punjab Kings,Batter,Auction,2.0,26.75,13.38,20000000,267500000,,2025|26.75,85ec8e33,SS Iyer
2025,Venkatesh Iyer,Kolkata Knight Riders,Kolkata Knight Riders,All-Rounder,Auction,2.0,23.75,11.88,20000000,237500000,,2025|23.75,43247512,Vinay Iyer
2025,Heinrich Klaasen,Sunrisers Hyderabad,Sunrisers Hyderabad,Batter,Retained,2.0,23.0,11.5,20000000,230000000,,2025|23,235c2bb6,H Klaasen
2025,Virat Kohli,Royal Challengers Bengaluru,Royal Challengers Bengaluru,Batter,Retained,2.0,21.0,10.5,20000000,210000000,,2025|21,ba607b88,V Kohli
2025,Nicholas Pooran,Lucknow Super Giants,Lucknow Super Giants,Batter,Retained,2.0,21.0,10.5,20000000,210000000,,2025|21,3241e3fd,N Pooran
2025,Jasprit Bumrah,Mumbai Indians,Mumbai Indians,Bowler,Retained,2.0,18.0,9.0,20000000,180000000,,2025|18,462411b3,JJ Bumrah
2025,Pat Cummins,Sunrisers Hyderabad,Sunrisers Hyderabad,All-Rounder,Retained,2.0,18.0,9.0,20000000,180000000,,2025|18,ded9240e,PJ Cummins
2025,Ruturaj Gaikwad,Chennai Super Kings,Chennai Super Kings,Batter,Retained,2.0,18.0,9.0,20000000,180000000,,2025|18,45a43fe2,RD Gaikwad
2025,Ravindra Jadeja,Chennai Super Kings,Chennai Super Kings,All-Rounder,Retained,2.0,18.0,9.0,20000000,180000000,,2025|18,fe93fd9d,RA Jadeja
2025,Sanju Samson,Rajasthan Royals,Rajasthan Royals,Batter,Retained,2.0,18.0,9.0,20000000,180000000,,2025|18,a4cc73aa,SV Samson
2025,Yashasvi Jaiswal,Rajasthan Royals,Rajasthan Royals,All-Rounder,Retained,2.0,18.0,9.0,20000000,180000000,,2025|18,6c19c6e5,YBK Jaiswal
2025,Rashid Khan,Gujarat Titans,Gujarat Titans,Bowler,Retained,2.0,18.0,9.0,20000000,180000000,,2025|18,1eaac48d,Rashid Khan
2025,Arshdeep Singh,Punjab Kings,Punjab Kings,Bowler,Auction,2.0,18.0,9.0,20000000,180000000,,2025|18,05d9e607,Aditya Singh
2025,Yuzvendra Chahal,Punjab Kings,Punjab Kings,Bowler,Auction,2.0,18.0,9.0,20000000,180000000,,2025|18,57ee1fde,YS Chahal
2025,Axar Patel,Delhi Capitals,Delhi Capitals,All-Rounder,Retained,2.0,16.5,8.25,20000000,165000000,,2025|16.5,29b6bcd4,Ajaz Patel
2025,Shubman Gill,Gujarat Titans,Gujarat Titans,Batter,Retained,2.0,16.5,8.25,20000000,165000000,,2025|16.5,3e6e9a5f,S Gill
2025,Suryakumar Yadav,Mumbai Indians,Mumbai Indians,Batter,Retained,2.0,16.35,8.18,20000000,163500000,,2025|16.35,199b02e4,SU Yadav
2025,Hardik Pandya,Mumbai Indians,Mumbai Indians,All-Rounder,Retained,2.0,16.35,8.18,20000000,163500000,,2025|16.35,dbe50b21,HH Pandya
2025,Rohit Sharma,Mumbai Indians,Mumbai Indians,Batter,Retained,2.0,16.3,8.15,20000000,163000000,,2025|16.3,2278c4ca,R Sharma
2025,Jos Buttler,Gujarat Titans,Gujarat Titans,Batter,Auction,2.0,15.75,7.88,20000000,157500000,,2025|15.75,99b75528,JC Buttler
2025,Abhishek Sharma,Sunrisers Hyderabad,Sunrisers Hyderabad,All-Rounder,Retained,2.0,14.0,7.0,20000000,140000000,,2025|14,12f75dbd,AP Sharma
2025,Travis Head,Sunrisers Hyderabad,Sunrisers Hyderabad,Batter,Retained,2.0,14.0,7.0,20000000,140000000,,2025|14,12b610c2,TM Head
2025,Riyan Parag,Rajasthan Royals,Rajasthan Royals,All-Rounder,Retained,2.0,14.0,7.0,20000000,140000000,,2025|14,04a418e8,R Parag
2025,Dhruv Jurel,Rajasthan Royals,Rajasthan Royals,Batter,Retained,2.0,14.0,7.0,20000000,140000000,,2025|14,bcf325d2,Dhruv Jurel
2025,KL Rahul,Delhi Capitals,Delhi Capitals,Batter,Auction,2.0,14.0,7.0,20000000,140000000,,2025|14,b17e2f24,KL Rahul
2025,Kuldeep Yadav,Delhi Capitals,Delhi Capitals,Bowler,Retained,2.0,13.25,6.62,20000000,132500000,,2025|13.25,030f3089,K Yadav
2025,Matheesha Pathirana,Chennai Super Kings,Chennai Super Kings,Bowler,Retained,2.0,13.0,6.5,20000000,130000000,,2025|13,64839cb3,M Pathirana
2025,Rinku Singh,Kolkata Knight Riders,Kolkata Knight Riders,Batter,Retained,2.0,13.0,6.5,20000000,130000000,,2025|13,0467bd8d,Ranjit Singh
2025,Trent Boult,Mumbai Indians,Mumbai Indians,Bowler,Auction,2.0,12.5,6.25,20000000,125000000,,2025|12.5,a818c1be,TA Boult
2025,Josh Hazlewood,Royal Challengers Bengaluru,Royal Challengers Bengaluru,Bowler,Auction,2.0,12.5,6.25,20000000,125000000,,2025|12.5,03806cf8,JR Hazlewood
2025,Mohammed Siraj,Gujarat Titans,Gujarat Titans,Bowler,Auction,2.0,12.25,6.12,20000000,122500000,,2025|12.25,2f49c897,Mohammed Siraj
2025,Shivam Dube,Chennai Super Kings,Chennai Super Kings,All-Rounder,Retained,2.0,12.0,6.0,20000000,120000000,,2025|12,a4e37e47,S Dube
2025,Varun Chakravarthy,Kolkata Knight Riders,Kolkata Knight Riders,All-Rounder,Retained,2.0,12.0,6.0,20000000,120000000,,2025|12,5b7ab5a9,CV Varun
2025,Sunil Narine,Kolkata Knight Riders,Kolkata Knight Riders,Bowler,Retained,2.0,12.0,6.0,20000000,120000000,,2025|12,9d430b40,SP Narine
2025,Andre Russell,Kolkata Knight Riders,Kolkata Knight Riders,All-Rounder,Retained,2.0,12.0,6.0,20000000,120000000,,2025|12,a6f2b2ef,AK Russell
2025,Mitchell Starc,Delhi Capitals,Delhi Capitals,Bowler,Auction,2.0,11.75,5.88,20000000,117500000,,2025|11.75,3fb19989,MA Starc
2025,Phil Salt,Royal Challengers Bengaluru,Royal Challengers Bengaluru,Batter,Auction,2.0,11.5,5.75,20000000,115000000,,2025|11.5,3d284ca3,PD Salt
2025,Ishan Kishan,Sunrisers Hyderabad,Sunrisers Hyderabad,Batter,Auction,2.0,11.25,5.62,20000000,112500000,,2025|11.25,752f7486,Ishan Kishan
2025,Rajat Patidar,Royal Challengers Bengaluru,Royal Challengers Bengaluru,Batter,Retained,2.0,11.0,5.5,20000000,110000000,,2025|11,c740ea83,RM Patidar
2025,Shimron Hetmyer,Rajasthan Royals,Rajasthan Royals,Batter,Retained,2.0,11.0,5.5,20000000,110000000,,2025|11,48a1d7b7,SO Hetmyer
2025,Ravi Bishnoi,Lucknow Super Giants,Lucknow Super Giants,Bowler,Retained,2.0,11.0,5.5,20000000,110000000,,2025|11,4d5a1617,R Bishnoi
2025,Mayank Yadav,Lucknow Super Giants,Lucknow Super Giants,Bowler,Retained,2.0,11.0,5.5,20000000,110000000,,2025|11,b1ad996b,MP Yadav
2025,Jitesh Sharma,Royal Challengers Bengaluru,Royal Challengers Bengaluru,Batter,Auction,1.0,11.0,11.0,10000000,110000000,,2025|11,800d2d97,JM Sharma
2025,Marcus Stoinis,Punjab Kings,Punjab Kings,All-Rounder,Auction,2.0,11.0,5.5,20000000,110000000,,2025|11,d9273ee7,MP Stoinis
2025,Kagiso Rabada,Gujarat Titans,Gujarat Titans,Bowler,Auction,2.0,10.75,5.38,20000000,107500000,,2025|10.75,e62dd25d,K Rabada
2025,Bhuvneshwar Kumar,Royal Challengers Bengaluru,Royal Challengers Bengaluru,Bowler,Auction,2.0,10.75,5.38,20000000,107500000,,2025|10.75,2e81a32d,B Kumar
2025,T Natarajan,Delhi Capitals,Delhi Capitals,Bowler,Auction,2.0,10.75,5.38,20000000,107500000,,2025|10.75,ce794613,T Natarajan
2025,Tristan Stubbs,Delhi Capitals,Delhi Capitals,Batter,Retained,2.0,10.0,5.0,20000000,100000000,,2025|10,85b3fab2,T Stubbs
2025,Noor Ahmad,Chennai Super Kings,Chennai Super Kings,Bowler,Auction,2.0,10.0,5.0,20000000,100000000,,2025|10,efc04be7,Noor Ahmad
2025,Mohammed Shami,Sunrisers Hyderabad,Sunrisers Hyderabad,Bowler,Auction,2.0,10.0,5.0,20000000,100000000,,2025|10,8cf9814c,Mohammed Shami
2025,Ravichandran Ashwin,Chennai Super Kings,Chennai Super Kings,All-Rounder,Auction,2.0,9.75,4.88,20000000,97500000,,2025|9.75,495d42a5,R Ashwin
2025,Avesh Khan,Lucknow Super Giants,Lucknow Super Giants,Bowler,Auction,2.0,9.75,4.88,20000000,97500000,,2025|9.75,074acfb4,Asif Khan
2025,Prasidh Krishna,Gujarat Titans,Gujarat Titans,Bowler,Auction,2.0,9.5,4.75,20000000,95000000,,2025|9.5,85e0cf10,M Prasidh Krishna
2025,Deepak Chahar,Mumbai Indians,Mumbai Indians,Bowler,Auction,2.0,9.25,4.62,20000000,92500000,,2025|9.25,23eeb873,DL Chahar
2025,Jake Fraser-McGurk,Delhi Capitals,Delhi Capitals,Batter,Auction,2.0,9.0,4.5,20000000,90000000,,2025|9,9b6e1b3f,J Fraser-McGurk
2025,Liam Livingstone,Royal Challengers Bengaluru,Royal Challengers Bengaluru,All-Rounder,Auction,2.0,8.75,4.38,20000000,87500000,,2025|8.75,50c6bc2b,LS Livingstone
2025,Sai Sudharsan,Gujarat Titans,Gujarat Titans,All-Rounder,Retained,2.0,8.5,4.25,20000000,85000000,,2025|8.5,d5130a30,B Sai Sudharsan
2025,Tilak Varma,Mumbai Indians,Mumbai Indians,All-Rounder,Retained,2.0,8.0,4.0,20000000,80000000,,2025|8,b0482a1d,Tilak Varma
2025,Harshal Patel,Sunrisers Hyderabad,Sunrisers Hyderabad,All-Rounder,Auction,2.0,8.0,4.0,20000000,80000000,,2025|8,000803b1,Het Patel
2025,Akash Deep,Lucknow Super Giants,Lucknow Super Giants,Bowler,Auction,1.0,8.0,8.0,10000000,80000000,,2025|8,0a67aec0,Akash Deep
2025,Mukesh Kumar,Delhi Capitals,Delhi Capitals,Bowler,Auction,2.0,8.0,4.0,20000000,80000000,,2025|8,2cffab74,Mukesh Kumar
2025,David Miller,Lucknow Super Giants,Lucknow Super Giants,Batter,Auction,1.5,7.5,5.0,15000000,75000000,,2025|7.5,d67d5f00,DA Miller
2025,Marco Jansen,Punjab Kings,Punjab Kings,All-Rounder,Auction,1.25,7.0,5.6,12500000,70000000,,2025|7,81c36ee9,M Jansen
2025,Anrich Nortje,Kolkata Knight Riders,Kolkata Knight Riders,Bowler,Auction,2.0,6.5,3.25,20000000,65000000,,2025|6.5,acdc62f5,A Nortje
2025,Tushar Deshpande,Rajasthan Royals,Rajasthan Royals,Bowler,Auction,1.0,6.5,6.5,10000000,65000000,,2025|6.5,46a9bea1,TU Deshpande
2025,Harry Brook,Delhi Capitals,Delhi Capitals,Batter,Auction,2.0,6.25,3.12,20000000,62500000,,2025|6.25,4ae1755b,HC Brook
2025,Devon Conway,Chennai Super Kings,Chennai Super Kings,Batter,Auction,2.0,6.25,3.12,20000000,62500000,,2025|6.25,df5a6881,DP Conway
2025,Nitish Kumar Reddy,Sunrisers Hyderabad,Sunrisers Hyderabad,All-Rounder,Retained,2.0,6.0,3.0,20000000,60000000,,2025|6,a7b20d59,Naren Reddy
2025,Rasikh Salam,Royal Challengers Bengaluru,Royal Challengers Bengaluru,Bowler,Auction,0.3,6.0,20.0,3000000,60000000,,2025|6,b8527c3d,Rasikh Salam
2025,Krunal Pandya,Royal Challengers Bengaluru,Royal Challengers Bengaluru,All-Rounder,Auction,2.0,5.75,2.88,20000000,57500000,,2025|5.75,5b8c830e,KH Pandya
2025,Shashank Singh,Punjab Kings,Punjab Kings,All-Rounder,Retained,2.0,5.5,2.75,20000000,55000000,,2025|5.5,26989d80,Shashank Singh
2025,Will Jacks,Mumbai Indians,Mumbai Indians,All-Rounder,Auction,2.0,5.25,2.62,20000000,52500000,,2025|5.25,9caf69a1,WG Jacks
2025,Wanindu Hasaranga,Rajasthan Royals,Rajasthan Royals,Bowler,Auction,2.0,5.25,2.62,20000000,52500000,,2025|5.25,a97c8ec2,PWH de Silva
2025,Naman Dhir,Mumbai Indians,Mumbai Indians,All-Rounder,Auction,0.3,5.25,17.5,3000000,52500000,,2025|5.25,fffa744b,Naman Dhir
2025,Yash Dayal,Royal Challengers Bengaluru,Royal Challengers Bengaluru,Bowler,Retained,2.0,5.0,2.5,20000000,50000000,,2025|5,7210d461,Yash Dayal
2025,Khaleel Ahmed,Chennai Super Kings,Chennai Super Kings,Bowler,Auction,2.0,4.8,2.4,20000000,48000000,,2025|4.8,0ad1b607,Khalil Ahmed
2025,AM Ghazanfar,Mumbai Indians,Mumbai Indians,Bowler,Auction,0.75,4.8,6.4,7500000,48000000,,2025|4.8,9ca68676,AM Ghazanfar
2025,Maheesh Theekshana,Rajasthan Royals,Rajasthan Royals,Bowler,Auction,2.0,4.4,2.2,20000000,44000000,,2025|4.4,f24c6701,M Theekshana
2025,Glenn Maxwell,Punjab Kings,Punjab Kings,All-Rounder,Auction,2.0,4.2,2.1,20000000,42000000,,2025|4.2,b681e71e,GJ Maxwell
2025,Nehal Wadhera,Punjab Kings,Punjab Kings,Batter,Auction,0.3,4.2,14.0,3000000,42000000,,2025|4.2,d1a60072,N Wadhera
2025,Nitish Rana,Rajasthan Royals,Rajasthan Royals,All-Rounder,Auction,1.5,4.2,2.8,15000000,42000000,,2025|4.2,5318ee68,Nahid Rana
2025,Abdul Samad,Lucknow Super Giants,Lucknow Super Giants,All-Rounder,Auction,0.3,4.2,14.0,3000000,42000000,,2025|4.2,21dbacff,Abdul Samad
2025,MS Dhoni,Chennai Super Kings,Chennai Super Kings,Batter,Retained,2.0,4.0,2.0,20000000,40000000,,2025|4,4a8a2e3b,MS Dhoni
2025,Abishek Porel,Delhi Capitals,Delhi Capitals,Batter,Retained,2.0,4.0,2.0,20000000,40000000,,2025|4,ad3b6e95,Abishek Porel
2025,Harshit Rana,Kolkata Knight Riders,Kolkata Knight Riders,Bowler,Retained,2.0,4.0,2.0,20000000,40000000,,2025|4,77b1aa15,Harshit Rana
2025,Ramandeep Singh,Kolkata Knight Riders,Kolkata Knight Riders,All-Rounder,Retained,2.0,4.0,2.0,20000000,40000000,,2025|4,0467bd8d,Ranjit Singh
2025,Sandeep Sharma,Rajasthan Royals,Rajasthan Royals,Bowler,Retained,2.0,4.0,2.0,20000000,40000000,,2025|4,0ebaa16a,SS Sharma
2025,Rahul Tewatia,Gujarat Titans,Gujarat Titans,All-Rounder,Retained,2.0,4.0,2.0,20000000,40000000,,2025|4,39a2dfa8,R Tewatia
2025,M Shahrukh Khan,Gujarat Titans,Gujarat Titans,All-Rounder,Retained,2.0,4.0,2.0,20000000,40000000,,2025|4,083e01d9,Matiullah Khan
2025,Mohsin Khan,Lucknow Super Giants,Lucknow Super Giants,Bowler,Retained,2.0,4.0,2.0,20000000,40000000,,2025|4,083e01d9,Matiullah Khan
2025,Ayush Badoni,Lucknow Super Giants,Lucknow Super Giants,All-Rounder,Retained,2.0,4.0,2.0,20000000,40000000,,2025|4,872b03f7,A Badoni
2025,Prabhsimran Singh,Punjab Kings,Punjab Kings,Batter,Retained,2.0,4.0,2.0,20000000,40000000,,2025|4,014da3d8,Paras Singh
2025,Rachin Ravindra,Chennai Super Kings,Chennai Super Kings,All-Rounder,Auction,1.5,4.0,2.67,15000000,40000000,,2025|4,ba5e1069,R Ravindra
2025,Ashutosh Sharma,Delhi Capitals,Delhi Capitals,All-Rounder,Auction,0.3,3.8,12.67,3000000,38000000,,2025|3.8,12f75dbd,AP Sharma
2025,Priyansh Arya,Punjab Kings,Punjab Kings,All-Rounder,Auction,0.3,3.8,12.67,3000000,38000000,,2025|3.8,b5797845,Priyansh Arya
2025,Quinton de Kock,Kolkata Knight Riders,Kolkata Knight Riders,Batter,Auction,2.0,3.6,1.8,20000000,36000000,,2025|3.6,372455c4,Q de Kock
2025,Rahul Tripathi,Chennai Super Kings,Chennai Super Kings,Batter,Auction,0.75,3.4,4.53,7500000,34000000,,2025|3.4,77255a9e,RA Tripathi
2025,Mitchell Marsh,Lucknow Super Giants,Lucknow Super Giants,All-Rounder,Auction,2.0,3.4,1.7,20000000,34000000,,2025|3.4,3d8feaf8,MR Marsh
2025,Anshul Kamboj,Chennai Super Kings,Chennai Super Kings,All-Rounder,Auction,0.3,3.4,11.33,3000000,34000000,,2025|3.4,fcc21ace,A Kamboj
2025,Washington Sundar,Gujarat Titans,Gujarat Titans,All-Rounder,Auction,2.0,3.2,1.6,20000000,32000000,,2025|3.2,f19ccfad,Washington Sundar
2025,Abhinav Manohar,Sunrisers Hyderabad,Sunrisers Hyderabad,Batter,Auction,0.3,3.2,10.67,3000000,32000000,,2025|3.2,0890552f,A Manohar
2025,Rahul Chahar,Sunrisers Hyderabad,Sunrisers Hyderabad,Bowler,Auction,1.0,3.2,3.2,10000000,32000000,,2025|3.2,2ed569a0,RD Chahar
2025,Tim David,Royal Challengers Bengaluru,Royal Challengers Bengaluru,All-Rounder,Auction,2.0,3.0,1.5,20000000,30000000,,2025|3,f1f99156,TH David
2025,Angkrish Raghuvanshi,Kolkata Knight Riders,Kolkata Knight Riders,Batter,Auction,0.3,3.0,10.0,3000000,30000000,,2025|3,d7017798,A Raghuvanshi
2025,Spencer Johnson,Kolkata Knight Riders,Kolkata Knight Riders,Bowler,Auction,2.0,2.8,1.4,20000000,28000000,,2025|2.8,83c3e8e3,SH Johnson
2025,Sherfane Rutherford,Gujarat Titans,Gujarat Titans,Batter,Auction,1.5,2.6,1.73,15000000,26000000,,2025|2.6,d014d5ac,SE Rutherford
2025,Josh Inglis,Punjab Kings,Punjab Kings,Batter,Auction,2.0,2.6,1.3,20000000,26000000,,2025|2.6,989889ff,JP Inglis
2025,Jacob Bethell,Royal Challengers Bengaluru,Royal Challengers Bengaluru,All-Rounder,Auction,1.25,2.6,2.08,12500000,26000000,,2025|2.6,3c55c703,JG Bethell
2025,Suyash Sharma,Royal Challengers Bengaluru,Royal Challengers Bengaluru,Bowler,Auction,0.3,2.6,8.67,3000000,26000000,,2025|2.6,0ebaa16a,SS Sharma
2025,Sam Curran,Chennai Super Kings,Chennai Super Kings,All-Rounder,Auction,2.0,2.4,1.2,20000000,24000000,,2025|2.4,e94915e6,SM Curran
2025,Adam Zampa,Sunrisers Hyderabad,Sunrisers Hyderabad,Bowler,Auction,2.0,2.4,1.2,20000000,24000000,,2025|2.4,14f96089,A Zampa
2025,Shahbaz Ahmed,Lucknow Super Giants,Lucknow Super Giants,All-Rounder,Auction,1.0,2.4,2.4,10000000,24000000,,2025|2.4,07687c15,Sultan Ahmed
2025,Azmatullah Omarzai,Punjab Kings,Punjab Kings,All-Rounder,Auction,1.5,2.4,1.6,15000000,24000000,,2025|2.4,8f6dd463,Azmatullah Omarzai
2025,Gerald Coetzee,Gujarat Titans,Gujarat Titans,Bowler,Auction,1.25,2.4,1.92,12500000,24000000,,2025|2.4,3204c99f,G Coetzee
2025,Mohit Sharma,Delhi Capitals,Delhi Capitals,Bowler,Auction,0.5,2.2,4.4,5000000,22000000,,2025|2.2,5473ec6f,Manish Sharma
2025,Gurjapneet Singh,Chennai Super Kings,Chennai Super Kings,Bowler,Auction,0.3,2.2,7.33,3000000,22000000,,2025|2.2,1a5d690f,Gurpreet Singh
2025,Lockie Ferguson,Punjab Kings,Punjab Kings,Bowler,Auction,2.0,2.0,1.0,20000000,20000000,,2025|2,2f9d0389,LH Ferguson
2025,Aiden Markram,Lucknow Super Giants,Lucknow Super Giants,Batter,Auction,2.0,2.0,1.0,20000000,20000000,,2025|2,6a26221c,AK Markram
2025,Devdutt Padikkal,Royal Challengers Bengaluru,Royal Challengers Bengaluru,Batter,Auction,2.0,2.0,1.0,20000000,20000000,,2025|2,2c25d4f5,D Padikkal
2025,Rahmanullah Gurbaz,Kolkata Knight Riders,Kolkata Knight Riders,Batter,Auction,2.0,2.0,1.0,20000000,20000000,,2025|2,0bacade8,Rahmanullah Gurbaz
2025,Moeen Ali,Kolkata Knight Riders,Kolkata Knight Riders,All-Rounder,Auction,2.0,2.0,1.0,20000000,20000000,,2025|2,4a491652,Muktar Ali
2025,R Sai Kishore,Gujarat Titans,Gujarat Titans,All-Rounder,Auction,0.75,2.0,2.67,7500000,20000000,,2025|2,c7a995d3,R Sai Kishore
2025,Mitchell Santner,Mumbai Indians,Mumbai Indians,All-Rounder,Auction,2.0,2.0,1.0,20000000,20000000,,2025|2,e4a0deae,MJ Santner
2025,Fazalhaq Farooqi,Rajasthan Royals,Rajasthan Royals,Bowler,Auction,2.0,2.0,1.0,20000000,20000000,,2025|2,e9c7f0d0,Fazalhaq Farooqi
2025,Nathan Ellis,Chennai Super Kings,Chennai Super Kings,Bowler,Auction,1.25,2.0,1.6,12500000,20000000,,2025|2,9eb1455b,NT Ellis
2026,Cameron Green,Kolkata Knight Riders,Kolkata Knight Riders,All-Rounder,Auction,2.0,25.2,12.6,20000000,252000000,,2026|25.2,19b9f399,CJ Green
2026,Matheesha Pathirana,Kolkata Knight Riders,Kolkata Knight Riders,Bowler,Auction,2.0,18.0,9.0,20000000,180000000,,2026|18,64839cb3,M Pathirana
2026,Prashant Veer,Chennai Super Kings,Chennai Super Kings,All-Rounder,Auction,0.3,14.2,47.33,3000000,142000000,,2026|14.2,e148e6bd,PR Veer
2026,Kartik Sharma,Chennai Super Kings,Chennai Super Kings,Batter,Auction,0.3,14.2,47.33,3000000,142000000,,2026|14.2,119678fd,KV Sharma
2026,Auqib Nabi Dar,Delhi Capitals,Delhi Capitals,Bowler,Auction,0.3,8.4,28.0,3000000,84000000,,2026|8.4,7c3c0337,Auqib Nabi
2026,Ravi Bishnoi,Rajasthan Royals,Rajasthan Royals,Bowler,Auction,2.0,7.2,3.6,20000000,72000000,,2026|7.2,4d5a1617,R Bishnoi
2026,Venkatesh Iyer,Royal Challengers Bengaluru,Royal Challengers Bengaluru,All-Rounder,Auction,2.0,7.0,3.5,20000000,70000000,,2026|7,43247512,Vinay Iyer
